{"alpha_stall": 0.22024185957607376, "largeur_stall": 0.36235305286483394, "cd1sa": 5.699143253038483, "cl1sa": 6.8566887946350334, "cd0sa": 0.05758480199911433, "cd1fp": 3.5977189725461693, "cd0fp": 0.02907422199990541, "coeff_drag_shift": 0.25252930976969584, "coeff_lift_shift": 0.5829558305733995, "coef_lift_gain": 0.5880572776408994, "train_score": 1282007.4796509317, "test_score": 41403.46650168956}