{"Ch": 0.00012978934737665226, "Cq": -2.980042876824611e-09, "Ct": 2.0505857172457286e-05, "alpha0": [0.08929604187947722, 0.05416377081550333, 0.0, -0.0, 0.028449081044879584], "alpha_stall": 0.33642308567099755, "cd0fp": 0.05352803478706435, "cd0sa": 0.03920183034457624, "cd1fp": 1.9721841435499365, "cd1sa": 10.714439144853364, "cl1fp": 2.9463694181861366, "cl1sa": 7.444928724369985, "coef_lift_gain": -0.20008026551992697, "coeff_drag_shift": 0.40238454635094717, "coeff_lift_shift": 0.1027494125095027, "cp_list": [[0.0, 0.7909801409527382, 0.0], [-0.0, -0.9361151123163038, 0.0], [-0.5213737187645987, 0.32713820051626624, 0.0], [-0.5442403412793353, -0.22331482273027825, 0.0], [0.0, 0.0, 0.0]], "inertie": [[0.12885450052221148, 0.0, 0.0], [-0.0, 0.28014898179379577, 0.0], [0.0, 0.0, 0.36040538383350623]], "largeur_stall": 1.1919337025892711, "masse": 5.521152044691016, "train_score": 0, "test_score": 0}