{"Ch": 1.5018177324482018e-05, "Cq": -2.791877494146893e-09, "Ct": 2.5110477407222927e-05, "alpha0": [0.1218644363350571, 0.060577614225193366, 0.0, 0.0, 0.030865324158422962], "alpha_stall": 0.09502981136788667, "cd0fp": 0.026164347752341794, "cd0sa": -0.011736694209485622, "cd1fp": 4.4145145140505395, "cd1sa": 11.043901769177362, "cl1fp": 0.13276227523150447, "cl1sa": 2.7110251834451597, "coef_lift_gain": 0.027277513845663903, "coeff_drag_shift": 1.037034671058725, "coeff_lift_shift": 1.2011551145878174, "cp_list": [[-0.0, 0.10677501145061258, 0.0], [0.0, -0.5940086470224316, 0.0], [0.1823132921731101, 0.15638870512949946, -0.0], [-0.7730101077408758, -0.1347475694187955, 0.0], [-0.0, -0.0, 0.0]], "inertie": [[-0.08317993324519778, 0.0, 0.0], [0.0, 0.15405103005488882, 0.0], [0.0, 0.0, 0.08254709191956805]], "largeur_stall": 0.6130479452547536, "masse": 5.107828762505959, "train_score": 0, "test_score": 0}