{"alpha_stall": 0.4301860236700666, "largeur_stall": 0.28107952792122337, "cd1sa": 3.783824972979167, "cl1sa": 4.118606868128129, "cd1fp": 1.320253847272972, "cd0fp": 0.06566090473737389, "coeff_drag_shift": 0.6718868486414777, "coeff_lift_shift": 0.6228039706912647, "coef_lift_gain": 0.7198599898815925, "train_score": 3144107.262763897, "test_score": 353443.07269592467}