{"Ch": 2.6968015748124708e-05, "Cq": 2.4145436899873482e-08, "Ct": 2.218800276379246e-05, "alpha0": [-0.004812767589436095, 0.011500469402644846, -0.0, -0.0, 0.012722665906926304], "alpha_stall": -0.007866754570638738, "cd0fp": 0.06102591020514759, "cd0sa": 0.014810772188428925, "cd1fp": -0.3782258437428565, "cd1sa": 1.2192829014442939, "cl1fp": 3.528290795441274, "cl1sa": 4.34533477785714, "coef_lift_gain": 1.1445692695972842, "coeff_drag_shift": 0.8967284132572799, "coeff_lift_shift": 0.5401491239979823, "cp_list": [[0.0, 0.2778070215474124, 0.0], [0.0, -0.5420574181448181, -0.0], [-0.27423913338336287, 0.25494771510988073, 0.0], [-0.5594927488704848, -0.32903698646919316, 0.0], [0.0, 0.0, -0.0]], "inertie": [[0.3035692199757985, 0.0, 0.0], [0.0, 0.1075329186706637, 0.0], [0.0, 0.0, 0.04824160735919086]], "largeur_stall": 0.6857656958579619, "masse": 0.21864495675687434, "train_score": 0, "test_score": 0}