{"Ch": 5.57111598659132e-05, "Cq": 9.053996511342082e-09, "Ct": 7.309782474946097e-06, "alpha0": [0.13085830256133682, 0.008353807083656885, 0.0, -0.0, 0.1467313164057859], "alpha_stall": 0.7936119437918888, "cd0fp": 0.02874086845744814, "cd0sa": 0.09687201517174938, "cd1fp": 5.611577616619984, "cd1sa": 4.519077389378881, "cl1fp": 3.2899208872677175, "cl1sa": 1.1452475181187642, "coef_lift_gain": 0.8360980920787786, "coeff_drag_shift": 0.7669082357093955, "coeff_lift_shift": 0.03451042706371377, "cp_list": [[-0.0, -0.059783152768115924, 0.0], [0.0, -0.5071883913801367, 0.0], [-0.6258233555113959, -0.031898869420688314, 0.0], [0.09305807039317104, -0.14705422584314046, 0.0], [0.0, 0.0, -0.0]], "inertie": [[0.3209573650404969, 0.0, 0.0], [0.0, 0.11913210760010723, 0.0], [0.0, 0.0, 0.16577603081620135]], "largeur_stall": 1.0016033310932193, "masse": 3.119667857001737, "train_score": 0, "test_score": 0}