{"Ch": 2.8868288983304746e-05, "Cq": 2.4679042004180034e-08, "Ct": 1.4912506362072539e-05, "alpha0": [0.14526797019886278, 0.04252593477567063, -0.0, -0.0, 0.10565066109071543], "alpha_stall": 0.23762950494738677, "cd0fp": 0.03505589080313649, "cd0sa": 0.09462435397295364, "cd1fp": 5.3825331688068845, "cd1sa": 1.780120272911226, "cl1fp": 2.3327997923881307, "cl1sa": 4.386145284788587, "coef_lift_gain": 0.49588795892537807, "coeff_drag_shift": 0.30637465265309377, "coeff_lift_shift": 0.4804059858000386, "cp_list": [[0.0, 0.7372710180912668, 0.0], [0.0, -0.8230103875621415, 0.0], [-1.028708669210555, 0.028133274335863212, 0.0], [-0.15900270054626187, 0.07482758269269289, 0.0], [0.0, 0.0, 0.0]], "inertie": [[0.2291415285861251, 0.0, 0.0], [0.0, 0.3383743117475761, -0.0], [0.0, 0.0, 0.04017312726880507]], "largeur_stall": 0.7807560467643633, "masse": -0.2949017494553008, "train_score": 8.217301412738005e-31, "test_score": 0.0026275741431174946}