{"Ch": 3.2843182423814345e-06, "Cq": 2.396878938011538e-08, "Ct": 3.43724802265784e-05, "alpha0": [0.13107847902211064, -0.02781340518217671, 0.0, 0.0, 0.03793032036260814], "alpha_stall": 0.5997388908636104, "cd0fp": 0.10636086771167541, "cd0sa": 0.0941706441633203, "cd1fp": 4.196461140488356, "cd1sa": 9.977536729832927, "cl1fp": 0.9084045956639002, "cl1sa": 3.8748585854486066, "coef_lift_gain": 0.516518667818772, "coeff_drag_shift": 0.9890580133778447, "coeff_lift_shift": 1.0054743883914514, "cp_list": [[0.0, 0.2866593204314362, 0.0], [0.0, -0.5005966914933495, 0.0], [-0.5116515816879144, 0.2639652482007486, 0.0], [-0.07688477073012912, -0.36595333641884853, -0.0], [0.0, 0.0, 0.0]], "inertie": [[0.4955295186593294, 0.0, 0.0], [0.0, 0.23811272096152697, 0.0], [0.0, -0.0, 0.2281722491829713]], "largeur_stall": 1.2731533028159665, "masse": 3.855297238284984, "train_score": 8.217301412738005e-31, "test_score": 0.0026275741431174946}