{"alpha_stall": 0.4529108252960348, "largeur_stall": 0.6391295582303747, "cd1sa": 5.902963723821838, "cl1sa": 4.469866138765235, "cd0sa": 0.041251902897333804, "cd1fp": 2.8073922167196006, "cd0fp": 0.03953283307383916, "coeff_drag_shift": 0.679939533815554, "coeff_lift_shift": 0.4714682594421732, "coef_lift_gain": 0.6108212964282911, "train_score": 1.8315279845015427e+171, "test_score": Infinity}