{"Ch": 0.0002458946875603926, "Cq": 1.2500329490750577e-08, "Ct": 3.8590224773138485e-05, "alpha0": [0.10171451192186332, 0.12954865644604938, 0.0, 0.0, 0.0003295890744764285], "alpha_stall": 0.42335502937855646, "cd0fp": -0.00423763313522157, "cd0sa": 0.01873604590328884, "cd1fp": -1.1736170460002693, "cd1sa": 2.4868061258362184, "cl1fp": 0.047937856613446905, "cl1sa": 9.345204372904199, "coef_lift_gain": 0.03455100544458356, "coeff_drag_shift": -0.220778069178995, "coeff_lift_shift": 0.2962074052344954, "cp_list": [[0.0, 1.0014709312665415, -0.0], [0.0, -1.0288725701611345, 0.0], [0.04705838960930042, 0.19170958807741273, 0.0], [-0.3196789231087704, -0.33407197496814967, -0.0], [0.0, 0.0, 0.0]], "inertie": [[0.3104380775599563, -0.0, 0.0], [-0.0, 0.23839879533690012, 0.0], [0.0, 0.0, 0.15625125074043214]], "largeur_stall": 0.5899963302291048, "masse": 1.350130399843784, "train_score": 0, "test_score": 0}