{"Ch": 0.00013764005039674558, "Cq": 1.226400118912077e-08, "Ct": 2.9694715840492592e-05, "alpha0": [0.03103388044865044, 0.04570140183299793, 0.0, 0.0, 0.08214488710416883], "alpha_stall": 0.2585460590160788, "cd0fp": 0.06082435539170268, "cd0sa": 0.05052957198985463, "cd1fp": 2.852411937937754, "cd1sa": 5.841028458851798, "cl1fp": 0.9377422315156285, "cl1sa": 7.4000495017441565, "coef_lift_gain": 0.5705969222195257, "coeff_drag_shift": 0.4806733832176034, "coeff_lift_shift": 0.41179096067623755, "cp_list": [[0.0, 0.25717224478738027, 0.0], [0.0, -0.5708786740589671, 0.0], [-0.4971904697971923, 0.13063905361661476, 0.0], [-0.5514702593849229, -0.0953782980860678, 0.0], [0.0, 0.0, 0.0]], "inertie": [[0.11667916165647119, 0.0, 0.0], [0.0, 0.17275072026590046, 0.0], [0.0, 0.0, 0.1867832341606022]], "largeur_stall": 0.6150842116636768, "masse": 3.5753224929661624, "train_score": 33.825041571390564, "test_score": 1.4743647377585603}