{"Ch": -1.4765942344457007e-05, "Cq": 3.797852513889156e-09, "Ct": 5.6347031764156356e-05, "alpha0": [-0.010620464240946008, 0.125023445071469, 0.0, 0.0, -0.024837253553112067], "alpha_stall": 0.06717829265093807, "cd0fp": 0.01848248778681323, "cd0sa": -0.013243756594611248, "cd1fp": 4.797984318003341, "cd1sa": 9.269478563533019, "cl1fp": -0.16957650148064696, "cl1sa": 9.900878169978412, "coef_lift_gain": 0.3754016918821736, "coeff_drag_shift": 0.2982787247637798, "coeff_lift_shift": 0.42763264061263656, "cp_list": [[0.0, 0.8219158880086862, 0.0], [0.0, -0.2048815561079489, 0.0], [-0.2228872924351002, 0.12423905644900171, -0.0], [-0.41748434391496436, -0.36342159905893373, 0.0], [-0.0, 0.0, 0.0]], "inertie": [[0.3278518408158605, 0.0, -0.0], [0.0, 0.28841130926350733, -0.0], [0.0, 0.0, 0.26852726717212905]], "largeur_stall": 0.3653393047633063, "masse": 2.1181362830549633, "train_score": 0, "test_score": 0}