{"Ch": 7.493977025679644e-05, "Cq": 2.0711644634866367e-08, "Ct": 5.9520779869713275e-05, "alpha0": [0.11687740956277265, 0.007724418903839951, 0.0, -0.0, -0.025726628351508695], "alpha_stall": -0.1262509308172895, "cd0fp": 0.08957721428520686, "cd0sa": -0.006046334293348673, "cd1fp": -0.21445611257502162, "cd1sa": 10.175801354688293, "cl1fp": 2.752374757710645, "cl1sa": -1.684440075821796, "coef_lift_gain": 0.2707041135457738, "coeff_drag_shift": 0.16045467393933516, "coeff_lift_shift": 0.08241733786857769, "cp_list": [[0.0, 0.9681117966623717, 0.0], [0.0, -0.8967960251178821, 0.0], [-0.9152277524437616, 0.3067876046570749, 0.0], [-0.7233644465881588, -0.07556054518300423, 0.0], [0.0, 0.0, 0.0]], "inertie": [[-0.08866519545110325, 0.0, 0.0], [0.0, 0.017364668904687817, 0.0], [0.0, 0.0, 0.35608110890100003]], "largeur_stall": 0.23628350408105928, "masse": 0.8391536564821453, "train_score": 0, "test_score": 0}