{"cd0sa": 0.006530123035463013, "cd1sa": 2.954956071602038, "cl1sa": 6.096951924018876, "coeff_drag_shift": 0.7072095240304963, "coeff_lift_gain": 1.8910581432507128, "coeff_lift_shift": 0.060668747208009945, "train_score": 1.0, "test_score": 0}