{"cd0sa": 0.023971688385218837, "cd1sa": 4.147740241163594, "cl1sa": 4.999245278791227, "coeff_drag_shift": 0.5192881393240292, "coeff_lift_gain": 2.196063612387386, "coeff_lift_shift": 0.11243106421523036, "train_score": 9.888531074991685e-05, "test_score": 9.996062070936876e-05}