{"cd0sa": 0.010081354649172005, "cd1sa": 4.5499343262097875, "cl1sa": 4.994492511019642, "coeff_drag_shift": 0.5006615084773322, "coeff_lift_gain": 2.2489216817031474, "coeff_lift_shift": 0.10116896157164577, "train_score": 2.107981684756619e-06, "test_score": 2.0883498359738702e-06}