{"cd0sa": 0.010076439849992132, "cd1sa": 4.550023929990298, "cl1sa": 4.994606391262205, "coeff_drag_shift": 0.5006437831623853, "coeff_lift_gain": 2.254478953989374, "coeff_lift_shift": 0.10003764810616947, "train_score": 2.0179500012314634e-06, "test_score": 1.999902258171045e-06}