{"cd0sa": 0.010073147490861144, "cd1sa": 4.5500704645195595, "cl1sa": 4.99471898900854, "coeff_drag_shift": 0.5006278870881291, "coeff_lift_gain": 2.2599263485741634, "coeff_lift_shift": 0.09892866852771635, "train_score": 1.9314619274760813e-06, "test_score": 1.914635449339118e-06}