{"cd0sa": 0.010070552764311779, "cd1sa": 4.55009886104256, "cl1sa": 4.994829894392039, "coeff_drag_shift": 0.5006129224656334, "coeff_lift_gain": 2.2652654630085722, "coeff_lift_shift": 0.09784168954370069, "train_score": 1.8484251353801157e-06, "test_score": 1.8326426225445127e-06}