{"cd0sa": 0.01006827880802324, "cd1sa": 4.550119276792902, "cl1sa": 4.9949389536675275, "coeff_drag_shift": 0.5005985210175973, "coeff_lift_gain": 2.2704979339872433, "coeff_lift_shift": 0.09677637632160178, "train_score": 1.76872984666512e-06, "test_score": 1.7538896346132958e-06}