{"cd0sa": 0.010066171464480694, "cd1sa": 4.55013586429995, "cl1sa": 4.995046117085019, "coeff_drag_shift": 0.5005845296336875, "coeff_lift_gain": 2.2756254089064125, "coeff_lift_shift": 0.09573239437869166, "train_score": 1.6922604802722174e-06, "test_score": 1.6782926386250881e-06}