{"cd0sa": 0.010064167101211175, "cd1sa": 4.5501503351957595, "cl1sa": 4.99515137719957, "coeff_drag_shift": 0.5005708826707949, "coeff_lift_gain": 2.2806495340975528, "coeff_lift_shift": 0.09470941041140216, "train_score": 1.618901155761384e-06, "test_score": 1.6057499308450278e-06}