{"cd0sa": 0.010062238893416935, "cd1sa": 4.550163408503956, "cl1sa": 4.995254743849637, "coeff_drag_shift": 0.5005575500697301, "coeff_lift_gain": 2.285571949758872, "coeff_lift_shift": 0.09370709269867529, "train_score": 1.548538002378421e-06, "test_score": 1.5361547567906131e-06}