{"cd0sa": 0.010060374993892113, "cd1sa": 4.550175399200473, "cl1sa": 4.995356234002524, "coeff_drag_shift": 0.5005445162746501, "coeff_lift_gain": 2.29039428758548, "coeff_lift_shift": 0.0927251113326803, "train_score": 1.4810600649682254e-06, "test_score": 1.4694003982060717e-06}