{"cd0sa": 0.010058569661692903, "cd1sa": 4.5501864573957045, "cl1sa": 4.995455867627572, "coeff_drag_shift": 0.5005317716678314, "coeff_lift_gain": 2.2951181694946015, "coeff_lift_shift": 0.09176313837807289, "train_score": 1.416359626409323e-06, "test_score": 1.405382161862887e-06}