{"cd0sa": 0.015994438184490558, "cd1sa": 4.390129329177533, "cl1sa": 4.996224050822467, "coeff_drag_shift": 0.5071045505599588, "coeff_lift_gain": 2.2009301005630157, "coeff_lift_shift": 0.11103278733698221, "train_score": 1.8775682624221484e-05, "test_score": 1.8671976869080013e-05}