{"cd0sa": 0.010056819657024693, "cd1sa": 4.550196665538311, "cl1sa": 4.995553666013261, "coeff_drag_shift": 0.5005193090895754, "coeff_lift_gain": 2.2997452068027613, "coeff_lift_shift": 0.09082084800016885, "train_score": 1.3543322923677007e-06, "test_score": 1.3439981299089016e-06}