{"cd0sa": 0.010055122776176291, "cd1sa": 4.550206077924069, "cl1sa": 4.995649651075193, "coeff_drag_shift": 0.5005071224242515, "coeff_lift_gain": 2.304276999597015, "coeff_lift_shift": 0.08989791657813685, "train_score": 1.2948769800178428e-06, "test_score": 1.2851494159706576e-06}