{"cd0sa": 0.010053477256081626, "cd1sa": 4.550214736760219, "cl1sa": 4.995743845065886, "coeff_drag_shift": 0.5004952060258057, "coeff_lift_gain": 2.3087151361968354, "coeff_lift_shift": 0.08899402280962403, "train_score": 1.2378958681090503e-06, "test_score": 1.2287402241316096e-06}