{"cd0sa": 0.01005188153224549, "cd1sa": 4.55022267870345, "cl1sa": 4.995836270447521, "coeff_drag_shift": 0.5004835544843269, "coeff_lift_gain": 2.31306119266518, "coeff_lift_shift": 0.08810884780936457, "train_score": 1.1832943315436309e-06, "test_score": 1.174677829323556e-06}