{"cd0sa": 0.010050334140242645, "cd1sa": 4.55022993752718, "cl1sa": 4.995926949830874, "coeff_drag_shift": 0.5004721625311636, "coeff_lift_gain": 2.3173167323520927, "coeff_lift_shift": 0.08724207520279256, "train_score": 1.1309808698362481e-06, "test_score": 1.1228725264351299e-06}