{"cd0sa": 0.01004883367554105, "cd1sa": 4.5502365452163165, "cl1sa": 4.9960159059411495, "coeff_drag_shift": 0.5004610250003058, "coeff_lift_gain": 2.3214833054641404, "coeff_lift_shift": 0.0863933912150619, "train_score": 1.0808670332749698e-06, "test_score": 1.0732375670414141e-06}