{"cd0sa": 0.010047378777009293, "cd1sa": 4.550242532423289, "cl1sa": 4.996103161594865, "coeff_drag_shift": 0.5004501368126172, "coeff_lift_gain": 2.3255624486569317, "coeff_lift_shift": 0.08556248475565029, "train_score": 1.032867348371178e-06, "test_score": 1.0256890913443772e-06}