{"cd0sa": 0.01004596812003309, "cd1sa": 4.550247928664771, "cl1sa": 4.996188739681345, "coeff_drag_shift": 0.5004394929693182, "coeff_lift_gain": 2.329555684649533, "coeff_lift_shift": 0.08474904749862487, "train_score": 9.868992432896894e-07, "test_score": 9.801460583980548e-07}