{"cd0sa": 0.010044600413523331, "cd1sa": 4.550252762413208, "cl1sa": 4.996272663146229, "coeff_drag_shift": 0.5004290885492186, "coeff_lift_gain": 2.3334645218602335, "coeff_lift_shift": 0.08395277395861965, "train_score": 9.42882973586442e-07, "test_score": 9.36530175896014e-07}