{"cd0sa": 0.010043274398492374, "cd1sa": 4.550257061145816, "cl1sa": 4.996354954975971, "coeff_drag_shift": 0.500418918707444, "coeff_lift_gain": 2.3372904540632895, "coeff_lift_shift": 0.08317336156256495, "train_score": 9.007415484329233e-07, "test_score": 8.947658300776402e-07}