{"cd0sa": 0.012500638796931873, "cd1sa": 4.484955281434404, "cl1sa": 4.994752571636426, "coeff_drag_shift": 0.5031956528672114, "coeff_lift_gain": 2.2070268523804617, "coeff_lift_shift": 0.10972882671218097, "train_score": 5.416314929993213e-06, "test_score": 5.085638145564412e-06}