{"cd0sa": 0.010041988847255894, "cd1sa": 4.550260851376368, "cl1sa": 4.996435638182916, "coeff_drag_shift": 0.5004089786747568, "coeff_lift_gain": 2.3410349600663793, "coeff_lift_shift": 0.08241051071721252, "train_score": 8.60400657444359e-07, "test_score": 8.547800160197719e-07}