{"cd0sa": 0.010040742562878163, "cd1sa": 4.550264158680198, "cl1sa": 4.996514735790795, "coeff_drag_shift": 0.500399263757096, "coeff_lift_gain": 2.3446995034085223, "coeff_lift_shift": 0.08166392487249943, "train_score": 8.217885982001143e-07, "test_score": 8.165022684653467e-07}