{"cd0sa": 0.010039534378706062, "cd1sa": 4.550267007716458, "cl1sa": 4.996592270820603, "coeff_drag_shift": 0.5003897693351875, "coeff_lift_gain": 2.348285532078159, "coeff_lift_shift": 0.08093331058080393, "train_score": 7.848362045319878e-07, "test_score": 7.798645932866513e-07}