{"cd0sa": 0.01003836315792949, "cd1sa": 4.550269422249399, "cl1sa": 4.99666826627683, "coeff_drag_shift": 0.5003804908641675, "coeff_lift_gain": 2.351794478251118, "coeff_lift_shift": 0.08021837755214584, "train_score": 7.494767756468162e-07, "test_score": 7.448013996627427e-07}