{"cd0sa": 0.010037227793144608, "cd1sa": 4.550271425169274, "cl1sa": 4.99674274513407, "coeff_drag_shift": 0.5003714238731859, "coeff_lift_gain": 2.355227758048151, "coeff_lift_shift": 0.0795188387053957, "train_score": 7.156460061427555e-07, "test_score": 7.112494330346098e-07}