{"cd0sa": 0.01003612720590983, "cd1sa": 4.550273038513148, "cl1sa": 4.996815730323988, "coeff_drag_shift": 0.5003625639649957, "coeff_lift_gain": 2.3585867713116837, "coeff_lift_shift": 0.0788344102155568, "train_score": 6.832819169767554e-07, "test_score": 6.791477088997679e-07}