{"cd0sa": 0.010035060346292387, "cd1sa": 4.550274283485659, "cl1sa": 4.996887244722693, "coeff_drag_shift": 0.5003539068155068, "coeff_lift_gain": 2.3618729014014432, "coeff_lift_shift": 0.07816481155718936, "train_score": 6.523247874304528e-07, "test_score": 6.484374474954397e-07}