{"cd0sa": 0.010034026192404446, "cd1sa": 4.550275180479778, "cl1sa": 4.99695731113849, "coeff_drag_shift": 0.5003454481733218, "coeff_lift_gain": 2.3650875150085664, "coeff_lift_shift": 0.07750976554405345, "train_score": 6.22717088123984e-07, "test_score": 6.190620094228091e-07}