{"cd0sa": 0.010033023749929494, "cd1sa": 4.550275749097533, "cl1sa": 4.997025952300042, "coeff_drag_shift": 0.5003371838592376, "coeff_lift_gain": 2.368231961987807, "coeff_lift_shift": 0.07686899836504721, "train_score": 5.944034151160635e-07, "test_score": 5.909668322526579e-07}