{"cd0sa": 0.010032052051639928, "cd1sa": 4.550276008170696, "cl1sa": 4.997093190844948, "coeff_drag_shift": 0.5003291097657246, "coeff_lift_gain": 2.371307575207417, "coeff_lift_shift": 0.07624223961652259, "train_score": 5.673304251299411e-07, "test_score": 5.640993681548721e-07}