{"cd0sa": 0.01107095035550385, "cd1sa": 4.523512897441191, "cl1sa": 4.994215748325505, "coeff_drag_shift": 0.5017174535115305, "coeff_lift_gain": 2.213260597309057, "coeff_lift_shift": 0.10843969501996553, "train_score": 3.129839173828788e-06, "test_score": 2.930989134880412e-06}