{"cd0sa": 0.01003111015690713, "cd1sa": 4.550275975781367, "cl1sa": 4.997159049308731, "coeff_drag_shift": 0.5003212218563801, "coeff_lift_gain": 2.3743156704162938, "coeff_lift_shift": 0.07562922233106198, "train_score": 5.414467719372525e-07, "test_score": 5.384090225860092e-07}