{"cd0sa": 0.010030197151204553, "cd1sa": 4.550275669282484, "cl1sa": 4.99722355011424, "coeff_drag_shift": 0.5003135161653602, "coeff_lift_gain": 2.3772575461279395, "coeff_lift_shift": 0.0750296830028054, "train_score": 5.167030439302919e-07, "test_score": 5.138470940683161e-07}