{"cd0sa": 0.01002931214560554, "cd1sa": 4.5502751053181845, "cl1sa": 4.9972867155615, "coeff_drag_shift": 0.5003059887967843, "coeff_lift_gain": 2.3801344835207954, "coeff_lift_shift": 0.07444336160941437, "train_score": 4.930517029064501e-07, "test_score": 4.903667150863756e-07}