{"cd0sa": 0.010028454276276435, "cd1sa": 4.550274299844021, "cl1sa": 4.997348567817967, "coeff_drag_shift": 0.5002986359241184, "coeff_lift_gain": 2.382947746354487, "coeff_lift_shift": 0.07387000163076834, "train_score": 4.704470240883626e-07, "test_score": 4.6792279412743414e-07}