{"cd0sa": 0.01002762270396608, "cd1sa": 4.550273268147006, "cl1sa": 4.997409128909214, "coeff_drag_shift": 0.5002914537895412, "coeff_lift_gain": 2.3856985809015177, "coeff_lift_shift": 0.07330935006448352, "train_score": 4.488450373979755e-07, "test_score": 4.46471958887138e-07}