{"cd0sa": 0.010026816613493061, "cd1sa": 4.550272024865436, "cl1sa": 4.99746842071005, "coeff_drag_shift": 0.5002844387032881, "coeff_lift_gain": 2.3883882158939342, "coeff_lift_shift": 0.07276115743835201, "train_score": 4.282034699982349e-07, "test_score": 4.2597250065627484e-07}