{"cd0sa": 0.010026035213230984, "cd1sa": 4.550270584008531, "cl1sa": 4.99752646493606, "coeff_drag_shift": 0.5002775870429753, "coeff_lift_gain": 2.3910178624844995, "coeff_lift_shift": 0.07222517781979458, "train_score": 4.0848169011570947e-07, "test_score": 4.0638431990502846e-07}