{"cd0sa": 0.010025277734593429, "cd1sa": 4.550268958975795, "cl1sa": 4.997583283135567, "coeff_drag_shift": 0.5002708952529082, "coeff_lift_gain": 2.393588714221872, "coeff_lift_shift": 0.07170116882242679, "train_score": 3.896406521522355e-07, "test_score": 3.8766887307522787e-07}