{"cd0sa": 0.010024543431518486, "cd1sa": 4.5502671625761595, "cl1sa": 4.997638896682013, "coeff_drag_shift": 0.5002643598433741, "coeff_lift_gain": 2.3961019470393246, "coeff_lift_shift": 0.07118889160983537, "train_score": 3.716428430916413e-07, "test_score": 3.697891205901191e-07}