{"cd0sa": 0.010023831579954687, "cd1sa": 4.550265207046817, "cl1sa": 4.997693326766763, "coeff_drag_shift": 0.5002579773899162, "coeff_lift_gain": 2.39855871925651, "coeff_lift_shift": 0.07068811089666194, "train_score": 3.5445223020438396e-07, "test_score": 3.5270947608669355e-07}