{"cd0sa": 0.010487428993012827, "cd1sa": 4.539208331475953, "cl1sa": 4.994070778499359, "coeff_drag_shift": 0.5011255101464204, "coeff_lift_gain": 2.2194598351870263, "coeff_lift_shift": 0.10717045597382167, "train_score": 2.6722979762086662e-06, "test_score": 2.5696057977451197e-06}