{"cd0sa": 0.010023141477348252, "cd1sa": 4.550263104071791, "cl1sa": 4.997746594392301, "coeff_drag_shift": 0.5002517445325991, "coeff_lift_gain": 2.400960171593788, "coeff_lift_shift": 0.0701985949470938, "train_score": 3.3803421005154417e-07, "test_score": 3.363957568742273e-07}