{"cd0sa": 0.010022472442133128, "cd1sa": 4.550260864800184, "cl1sa": 4.997798720365854, "coeff_drag_shift": 0.5002456579752551, "coeff_lift_gain": 2.4033074271986408, "coeff_lift_shift": 0.06972011557085879, "train_score": 3.223555587849791e-07, "test_score": 3.208151356199876e-07}