{"cd0sa": 0.010021823813223201, "cd1sa": 4.5502584998641575, "cl1sa": 4.997849725293401, "coeff_drag_shift": 0.5002397144847228, "coeff_lift_gain": 2.405601591683667, "coeff_lift_shift": 0.06925244811682517, "train_score": 3.07384383740882e-07, "test_score": 3.0593609326073475e-07}