{"cd0sa": 0.010021194949509099, "cd1sa": 4.550256019396499, "cl1sa": 4.99789962957407, "coeff_drag_shift": 0.5002339108900729, "coeff_lift_gain": 2.407843753175708, "coeff_lift_shift": 0.06879537146429943, "train_score": 2.9309007631982095e-07, "test_score": 2.9172837313583863e-07}