{"cd0sa": 0.010020585229358912, "cd1sa": 4.550253433047939, "cl1sa": 4.9979484533949226, "coeff_drag_shift": 0.5002282440818261, "coeff_lift_gain": 2.4100349823756115, "coeff_lift_shift": 0.06834866801212239, "train_score": 2.7944326614509675e-07, "test_score": 2.7816293633727804e-07}