{"cd0sa": 0.01001999405012336, "cd1sa": 4.550250750004079, "cl1sa": 4.997996216726131, "coeff_drag_shift": 0.5002227110111584, "coeff_lift_gain": 2.4121763326281522, "coeff_lift_shift": 0.06791212366566006, "train_score": 2.6641577648897666e-07, "test_score": 2.6521191826743657e-07}