{"cd0sa": 0.010019420827646413, "cd1sa": 4.550247979001988, "cl1sa": 4.998042939316494, "coeff_drag_shift": 0.5002173086891014, "coeff_lift_gain": 2.4142688400016623, "coeff_lift_shift": 0.06748552782178167, "train_score": 2.5398058095620103e-07, "test_score": 2.5284858639742426e-07}