{"cd0sa": 0.010018864995781937, "cd1sa": 4.5502451283464, "cl1sa": 4.998088640689332, "coeff_drag_shift": 0.5002120341857367, "coeff_lift_gain": 2.4163135233769046, "coeff_lift_shift": 0.06706867335192138, "train_score": 2.421117614102912e-07, "test_score": 2.410472992133888e-07}