{"cd0sa": 0.010018326005916003, "cd1sa": 4.550242205925603, "cl1sa": 4.998133340138727, "coeff_drag_shift": 0.5002068846293816, "coeff_lift_gain": 2.4183113845447255, "coeff_lift_shift": 0.06666135658331505, "train_score": 2.3078446712826978e-07, "test_score": 2.2978346633911772e-07}