{"cd0sa": 0.010017803326496027, "cd1sa": 4.550239219226922, "cl1sa": 4.998177056726106, "coeff_drag_shift": 0.5002018572057698, "coeff_lift_gain": 2.42026340831205, "coeff_lift_shift": 0.06626337727850354, "train_score": 2.1997487516781259e-07, "test_score": 2.1903350982068868e-07}