{"cd0sa": 0.010248587748036097, "cd1sa": 4.545603412989702, "cl1sa": 4.9940853373150444, "coeff_drag_shift": 0.5008781421751659, "coeff_lift_gain": 2.225571573279518, "coeff_lift_shift": 0.10592363282803663, "train_score": 2.5120423961670043e-06, "test_score": 2.4559170975368064e-06}