{"cd0sa": 0.010017296442566577, "cd1sa": 4.550236175351837, "cl1sa": 4.998219809277146, "coeff_drag_shift": 0.5001969491572318, "coeff_lift_gain": 2.422170562615773, "coeff_lift_shift": 0.06587453861319387, "train_score": 2.0966015192984424e-07, "test_score": 2.08774826558924e-07}