{"cd0sa": 0.010016804855312422, "cd1sa": 4.550233081030738, "cl1sa": 4.998261616379021, "coeff_drag_shift": 0.5001921577818661, "coeff_lift_gain": 2.424033798644122, "coeff_lift_shift": 0.0654946471525647, "train_score": 1.9981841589737415e-07, "test_score": 1.989857518725318e-07}