{"cd0sa": 0.010016328081609256, "cd1sa": 4.550229942637278, "cl1sa": 4.9983024963779314, "coeff_drag_shift": 0.5001874804327145, "coeff_lift_gain": 2.4258540509650617, "coeff_lift_shift": 0.06512351282610325, "train_score": 1.904287015325759e-07, "test_score": 1.8964552417549665e-07}