{"cd0sa": 0.010015865653581531, "cd1sa": 4.550226766202398, "cl1sa": 4.998342467376967, "coeff_drag_shift": 0.5001829145169279, "coeff_lift_gain": 2.4276322376613306, "coeff_lift_shift": 0.06476094890105835, "train_score": 1.8147092431053e-07, "test_score": 1.8073425074985888e-07}