{"cd0sa": 0.010015417118168921, "cd1sa": 4.550223557427891, "cl1sa": 4.998381547234235, "coeff_drag_shift": 0.500178457494941, "coeff_lift_gain": 2.42936926047171, "coeff_lift_shift": 0.06440677195459352, "train_score": 1.7292584687021877e-07, "test_score": 1.7223287459598527e-07}