{"cd0sa": 0.010014982036700449, "cd1sa": 4.5502203216997, "cl1sa": 4.998419753561291, "coeff_drag_shift": 0.5001741068796373, "coeff_lift_gain": 2.4310660049381134, "coeff_lift_shift": 0.06406080184471935, "train_score": 1.6477504625980094e-07, "test_score": 1.641231423393767e-07}