{"cd0sa": 0.010014559984476725, "cd1sa": 4.55021706410074, "cl1sa": 4.998457103721822, "coeff_drag_shift": 0.5001698602355207, "coeff_lift_gain": 2.4327233405581388, "coeff_lift_shift": 0.06372286168008519, "train_score": 1.5700088225544564e-07, "test_score": 1.5638757317493864e-07}