{"cd0sa": 0.010014150550361067, "cd1sa": 4.55021378942341, "cl1sa": 4.998493614830611, "coeff_drag_shift": 0.5001657151778857, "coeff_lift_gain": 2.434342120942678, "coeff_lift_shift": 0.06339277778870692, "train_score": 1.4958646672996145e-07, "test_score": 1.490094288270027e-07}