{"cd0sa": 0.010013753336378547, "cd1sa": 4.550210502181721, "cl1sa": 4.99852930375273, "coeff_drag_shift": 0.5001616693719899, "coeff_lift_gain": 2.4359231839782476, "coeff_lift_shift": 0.06307037968570542, "train_score": 1.4251563404915824e-07, "test_score": 1.4197268450439744e-07}