{"cd0sa": 0.010013367957324111, "cd1sa": 4.550207206623029, "cl1sa": 4.998564187102998, "coeff_drag_shift": 0.5001577205322326, "coeff_lift_gain": 2.437467351993673, "coeff_lift_shift": 0.0627555000401279, "train_score": 1.357729124720309e-07, "test_score": 1.3526200082860687e-07}