{"cd0sa": 0.010149993226176055, "cd1sa": 4.54821642229113, "cl1sa": 4.9941636470611686, "coeff_drag_shift": 0.5007684397648007, "coeff_lift_gain": 2.231577566545058, "coeff_lift_shift": 0.10470006359916251, "train_score": 2.4005346735914433e-06, "test_score": 2.3649852734563475e-06}