{"cd0sa": 0.01001299404037906, "cd1sa": 4.550203906739447, "cl1sa": 4.998598281245648, "coeff_drag_shift": 0.5001538664213273, "coeff_lift_gain": 2.4389754319307717, "coeff_lift_shift": 0.06244797464092528, "train_score": 1.2934349653173792e-07, "test_score": 1.2886269671303095e-07}