{"cd0sa": 0.01001263122473604, "cd1sa": 4.550200606278883, "cl1sa": 4.998631602294237, "coeff_drag_shift": 0.5001501048494899, "coeff_lift_gain": 2.4404482155187344, "coeff_lift_shift": 0.062147642362148724, "train_score": 1.2321322037328947e-07, "test_score": 1.227607231714289e-07}