{"cd0sa": 0.010012279161233002, "cd1sa": 4.55019730875571, "cl1sa": 4.9986641661117455, "coeff_drag_shift": 0.5001464336736192, "coeff_lift_gain": 2.4418864794518482, "coeff_lift_shift": 0.06185434512743845, "train_score": 1.1736853202445147e-07, "test_score": 1.1694263803279116e-07}