{"cd0sa": 0.010011937511995942, "cd1sa": 4.5501940174611, "cl1sa": 4.998695988310898, "coeff_drag_shift": 0.500142850796492, "coeff_lift_gain": 2.4432909855702754, "coeff_lift_shift": 0.061567927873863414, "train_score": 1.1179646857584086e-07, "test_score": 1.1139558154047936e-07}