{"cd0sa": 0.010011605950089835, "cd1sa": 4.5501907354730236, "cl1sa": 4.998727084254659, "coeff_drag_shift": 0.5001393541659583, "coeff_lift_gain": 2.4446624810435766, "coeff_lift_shift": 0.06128823851517476, "train_score": 1.0648463224649183e-07, "test_score": 1.0610725281310872e-07}