{"cd0sa": 0.010108460737130015, "cd1sa": 4.549291334815579, "cl1sa": 4.9942666237895725, "coeff_drag_shift": 0.5007144633356917, "coeff_lift_gain": 2.2374718337907287, "coeff_lift_shift": 0.10349988179260554, "train_score": 2.2989173138799213e-06, "test_score": 2.2725067478601567e-06}