{"cd0sa": 0.01009016489766811, "cd1sa": 4.54974037017906, "cl1sa": 4.994378389413255, "coeff_drag_shift": 0.5006832643757144, "coeff_lift_gain": 2.243253043347457, "coeff_lift_shift": 0.10232293613935642, "train_score": 2.2016158552535037e-06, "test_score": 2.1795769163952785e-06}