{"alpha_stall": 0.3773563596289506, "largeur_stall": 0.3413897843777816, "cd1sa": 2.4916509281244106, "cl1sa": 3.810978334398953, "cd0sa": 0.048664729664654675, "cd1fp": 3.0589746148618797, "cd0fp": 0.04854568187037963, "coeff_drag_shift": 0.4446844480668923, "coeff_lift_shift": 0.47096708020265554, "coef_lift_gain": 0.30132791974194845, "train_score": 2194239.9636166943, "test_score": 263676.1543126161}