{"alpha_stall": 0.23293150834011975, "largeur_stall": 0.7484351531567416, "cd1sa": 3.5115771653197556, "cl1sa": 6.5730135167388966, "cd1fp": 2.371218347715099, "cd0fp": 0.03717449546479278, "coeff_drag_shift": 0.5247777219884547, "coeff_lift_shift": 0.28150595220990093, "coef_lift_gain": 0.7046139400283735, "train_score": 1.94094860941882e+172, "test_score": Infinity}