{"alpha_stall": 0.34129784711138145, "largeur_stall": 0.3756706185428814, "cd1sa": 4.309342202181299, "cl1sa": 4.451736769972495, "cd0sa": 0.03270019515744133, "cd1fp": 3.0965712008851085, "cd0fp": 0.04246325049296017, "coeff_drag_shift": 0.7134462465926623, "coeff_lift_shift": 0.7326420040238388, "coef_lift_gain": 0.40088441907895106, "train_score": 1.0271586661237234e+171, "test_score": Infinity}