{"Ch": 0.0002092635451934613, "Cq": -1.9205444003887796e-10, "Ct": 1.2517672857804613e-05, "alpha0": [0.053297853425068424, 0.11849013809917167, 0.0, 0.0, -0.01902892213917488], "alpha_stall": 0.4161676986426402, "cd0fp": -0.002858749265445526, "cd0sa": 0.06419605772626076, "cd1fp": 3.1750933442858886, "cd1sa": -1.4531270150793718, "cl1fp": 3.0549585280407943, "cl1sa": 10.41862342370809, "coef_lift_gain": 0.40306851358176565, "coeff_drag_shift": 0.5881877579390237, "coeff_lift_shift": 0.1364128019117486, "cp_list": [[0.0, 1.0120397195760753, 0.0], [0.0, -0.4044273927665481, -0.0], [-0.06812112474294701, 0.28577388687261235, -0.0], [-1.042717683190465, -0.13853266486462731, -0.0], [-0.0, 0.0, -0.0]], "inertie": [[0.41234920855051715, 0.0, 0.0], [0.0, 0.10398892687060708, 0.0], [0.0, 0.0, 0.19638653347634474]], "largeur_stall": 0.09781316699544056, "masse": 0.9664901369395964, "train_score": 0, "test_score": 0}