{"Ch": 0.00011180406646716797, "Cq": 1.8757645285914685e-08, "Ct": 1.8754888933934762e-06, "alpha0": [0.09523384653414206, 0.0788012259321319, 0.0, 0.0, 0.10694376359988395], "alpha_stall": -0.14314117877558488, "cd0fp": 0.09439401931083162, "cd0sa": 0.047405508598472486, "cd1fp": -0.6221641335023032, "cd1sa": 9.976658550830814, "cl1fp": 3.0602001864812856, "cl1sa": 12.373401429075797, "coef_lift_gain": 0.8510331990938884, "coeff_drag_shift": 0.48321649100932446, "coeff_lift_shift": 1.1751572663237106, "cp_list": [[0.0, 0.07453115922517496, -0.0], [0.0, 0.13710568267589165, 0.0], [0.19072618501120986, -0.026577726903861686, 0.0], [-0.7482990649005131, -0.09087159866809472, 0.0], [-0.0, 0.0, -0.0]], "inertie": [[0.04553644147583096, 0.0, 0.0], [0.0, -0.06801577022316276, 0.0], [0.0, 0.0, 0.12132570903307234]], "largeur_stall": 0.7323698389624197, "masse": 5.182224968909104, "train_score": 0, "test_score": 0}