{"Ch": 6.519223629777453e-05, "Cq": 7.110595667855994e-09, "Ct": 3.637666423105968e-05, "alpha0": [0.052518159119190166, 0.08349057207801283, 0.0, 0.0, 0.08803460626552356], "alpha_stall": 0.25927835706585234, "cd0fp": 0.04874430429182462, "cd0sa": 0.06550275224887946, "cd1fp": 3.5778975658170253, "cd1sa": 5.756850912287961, "cl1fp": 1.9430003027270866, "cl1sa": 7.103462052469931, "coef_lift_gain": 0.4004547825966761, "coeff_drag_shift": 0.495030153175564, "coeff_lift_shift": 0.48056935213576385, "cp_list": [[0.0, 0.5388466105652041, 0.0], [0.0, -0.25095482243316547, 0.0], [-0.6885620404447874, 0.18438191328696094, 0.0], [-0.5924314040941474, -0.14452453129990325, 0.0], [0.0, 0.0, 0.0]], "inertie": [[0.16462681682214528, 0.0, 0.0], [0.0, 0.1403308110764552, 0.0], [0.0, 0.0, 0.18847321621048463]], "largeur_stall": 0.5547148333632296, "masse": 2.46489655749199, "train_score": 198.1484497026018, "test_score": 8.68949188852824}