{"Ch": 0.0001251741461386904, "Cq": 1.3204899464210061e-08, "Ct": -1.2309669218271763e-05, "alpha0": [0.07593474310010032, 0.1396949904061023, 0.0, 0.0, 0.01000788317141994], "alpha_stall": 0.36605647261643676, "cd0fp": -0.004259434652382889, "cd0sa": 0.03995591190074421, "cd1fp": -0.37770181587735707, "cd1sa": 6.116549655414267, "cl1fp": 2.4589433043918993, "cl1sa": 5.007154262034687, "coef_lift_gain": -0.03912411906310953, "coeff_drag_shift": 1.1295131246036174, "coeff_lift_shift": 0.05605289318657675, "cp_list": [[0.0, 0.06919639850554934, -0.0], [0.0, 0.11504662332893777, 0.0], [-0.4288024442333141, 0.030107459643868843, 0.0], [-0.5234481817984314, -0.11130451093834902, 0.0], [0.0, 0.0, -0.0]], "inertie": [[0.17332279151526983, 0.0, 0.0], [0.0, -0.04002744132745978, 0.0], [0.0, -0.0, 0.1243448094860138]], "largeur_stall": 0.10783196920331556, "masse": 2.747700043935368, "train_score": 0, "test_score": 0}