{"cd0sa": 0.010038160516927486, "cd1sa": 4.550168131263266, "cl1sa": 4.997286957871977, "coeff_drag_shift": 0.500260180361178, "coeff_lift_gain": 2.364123590087117, "coeff_lift_shift": 0.07767406200711065, "train_score": 6.198243235615277e-07, "test_score": 6.090925625760009e-07}