{"cd0sa": 0.010033154068832302, "cd1sa": 4.550031324243496, "cl1sa": 4.997897615151075, "coeff_drag_shift": 0.5002048850566395, "coeff_lift_gain": 2.395490636062226, "coeff_lift_shift": 0.07128928319771638, "train_score": 3.6892840511827396e-07, "test_score": 3.624513856890946e-07}