{"cd0sa": 0.010032131498087099, "cd1sa": 4.5500328937764, "cl1sa": 4.997956812143885, "coeff_drag_shift": 0.500198867396015, "coeff_lift_gain": 2.3985136569757604, "coeff_lift_shift": 0.0706738278477709, "train_score": 3.480970852679e-07, "test_score": 3.420064365082082e-07}