{"cd0sa": 0.010031140922317917, "cd1sa": 4.550034281218436, "cl1sa": 4.998014452643071, "coeff_drag_shift": 0.5001930223303731, "coeff_lift_gain": 2.401452627169546, "coeff_lift_shift": 0.07007546461038561, "train_score": 3.2841421981920365e-07, "test_score": 3.2268696865239997e-07}