{"cd0sa": 0.010030181332779886, "cd1sa": 4.550035498684552, "cl1sa": 4.998070571586641, "coeff_drag_shift": 0.5001873451473232, "coeff_lift_gain": 2.404309696159186, "coeff_lift_shift": 0.06949375745457838, "train_score": 3.098187716415181e-07, "test_score": 3.044332982696749e-07}