{"cd0sa": 0.010029251745831825, "cd1sa": 4.55003655780484, "cl1sa": 4.998125203448548, "coeff_drag_shift": 0.5001818312421275, "coeff_lift_gain": 2.4070869686859577, "coeff_lift_shift": 0.06892827937201697, "train_score": 2.922527630479305e-07, "test_score": 2.871887232848554e-07}