{"cd0sa": 0.010028351207566732, "cd1sa": 4.550037469600466, "cl1sa": 4.998178382228346, "coeff_drag_shift": 0.5001764761226812, "coeff_lift_gain": 2.409786505092937, "coeff_lift_shift": 0.06837861230490545, "train_score": 2.7566113722363297e-07, "test_score": 2.7089938874484665e-07}