{"cd0sa": 0.010027478794254224, "cd1sa": 4.55003824447616, "cl1sa": 4.998230141440793, "coeff_drag_shift": 0.5001712754090616, "coeff_lift_gain": 2.4124103217312385, "coeff_lift_shift": 0.06784434706755613, "train_score": 2.5999162473116054e-07, "test_score": 2.555141573338281e-07}