{"cd0sa": 0.010026633611744632, "cd1sa": 4.550038892241171, "cl1sa": 4.998280514106313, "coeff_drag_shift": 0.5001662248317168, "coeff_lift_gain": 2.4149603913943705, "coeff_lift_shift": 0.06732508326208214, "train_score": 2.451946150234331e-07, "test_score": 2.4098448476348997e-07}