{"cd0sa": 0.010025814794629955, "cd1sa": 4.550039422136472, "cl1sa": 4.998329532742543, "coeff_drag_shift": 0.5001613202293258, "coeff_lift_gain": 2.4174386437785222, "coeff_lift_shift": 0.06682042918865001, "train_score": 2.3122303287156907e-07, "test_score": 2.2726429989454518e-07}