{"cd0sa": 0.010025021505361685, "cd1sa": 4.55003984286266, "cl1sa": 4.9983772293569695, "coeff_drag_shift": 0.5001565575465922, "coeff_lift_gain": 2.4198469659667503, "coeff_lift_shift": 0.06633000175071979, "train_score": 2.1803221960058927e-07, "test_score": 2.143098894786425e-07}