{"cd0sa": 0.010041158053199759, "cd1sa": 4.550051368261168, "cl1sa": 4.997363210312798, "coeff_drag_shift": 0.500257954387496, "coeff_lift_gain": 2.36800758905962, "coeff_lift_shift": 0.07688359975789169, "train_score": 5.853618955258215e-07, "test_score": 5.749036544054259e-07}