{"cd0sa": 0.010024252933375834, "cd1sa": 4.5500401626071305, "cl1sa": 4.998423635440617, "coeff_drag_shift": 0.5001519328320319, "coeff_lift_gain": 2.422187202934992, "coeff_lift_shift": 0.06585342635568946, "train_score": 2.0557981902309295e-07, "test_score": 2.0207978741438137e-07}