{"cd0sa": 0.010023508294238632, "cd1sa": 4.55004038907025, "cl1sa": 4.998468781962764, "coeff_drag_shift": 0.5001474422357827, "coeff_lift_gain": 2.424461158077967, "coeff_lift_shift": 0.06539033681134464, "train_score": 1.9382566795443295e-07, "test_score": 1.9053466840919976e-07}