{"cd0sa": 0.010022786828814767, "cd1sa": 4.550040529490399, "cl1sa": 4.9985126993666205, "coeff_drag_shift": 0.500143082007431, "coeff_lift_gain": 2.4266705937531112, "coeff_lift_shift": 0.06494037521849576, "train_score": 1.827316911906132e-07, "test_score": 1.796372459357162e-07}