{"cd0sa": 0.010022087802459102, "cd1sa": 4.550040590667957, "cl1sa": 4.998555417565918, "coeff_drag_shift": 0.5001388484938663, "coeff_lift_gain": 2.4288172318407084, "coeff_lift_shift": 0.06450319186017509, "train_score": 1.722618008278138e-07, "test_score": 1.6935217436950977e-07}