{"cd0sa": 0.010021410504231752, "cd1sa": 4.5500405789882326, "cl1sa": 4.998596965942392, "coeff_drag_shift": 0.5001347381371549, "coeff_lift_gain": 2.430902754318536, "coeff_lift_shift": 0.06407844508774395, "train_score": 1.623817997993776e-07, "test_score": 1.5964595519126046e-07}