{"cd0sa": 0.010020754246136084, "cd1sa": 4.550040500443348, "cl1sa": 4.998637373344082, "coeff_drag_shift": 0.5001307474724441, "coeff_lift_gain": 2.4329288038493457, "coeff_lift_shift": 0.06366580120425325, "train_score": 1.5305928950593078e-07, "test_score": 1.5048684713675028e-07}