{"cd0sa": 0.010020118362379043, "cd1sa": 4.5500403606531865, "cl1sa": 4.99867666808442, "coeff_drag_shift": 0.5001268731258905, "coeff_lift_gain": 2.434896984379635, "coeff_lift_shift": 0.06326493434537653, "train_score": 1.4426358141311598e-07, "test_score": 1.418447801762652e-07}