{"cd0sa": 0.010019502208653597, "cd1sa": 4.550040164885327, "cl1sa": 4.998714877942054, "coeff_drag_shift": 0.5001231118126165, "coeff_lift_gain": 2.436808861748189, "coeff_lift_shift": 0.06287552635822585, "train_score": 1.3596561249075925e-07, "test_score": 1.3369127320340648e-07}