{"cd0sa": 0.01001890516144306, "cd1sa": 4.550039918074089, "cl1sa": 4.998752030161374, "coeff_drag_shift": 0.5001194603346921, "coeff_lift_gain": 2.4386659643030018, "coeff_lift_shift": 0.06249726667834262, "train_score": 1.2813786436814978e-07, "test_score": 1.2599935531527027e-07}