{"cd0sa": 0.010018326617346453, "cd1sa": 4.550039624838685, "cl1sa": 4.998788151453698, "coeff_drag_shift": 0.5001159155791499, "coeff_lift_gain": 2.4404697835252023, "coeff_lift_shift": 0.06212985220514236, "train_score": 1.2075428607993665e-07, "test_score": 1.1874349056477711e-07}