{"cd0sa": 0.010040932056971378, "cd1sa": 4.5500243506499345, "cl1sa": 4.9974365132665435, "coeff_drag_shift": 0.5002517866099552, "coeff_lift_gain": 2.3717859414208147, "coeff_lift_shift": 0.07611460075254442, "train_score": 5.52739219402119e-07, "test_score": 5.428135771962202e-07}