{"cd0sa": 0.010017765992424255, "cd1sa": 4.550039289500505, "cl1sa": 4.998823267999048, "coeff_drag_shift": 0.5001124745160235, "coeff_lift_gain": 2.442221774658714, "coeff_lift_shift": 0.06177298717607787, "train_score": 1.1379022027901407e-07, "test_score": 1.1189950606705459e-07}