{"cd0sa": 0.010017222721564942, "cd1sa": 4.550038916099593, "cl1sa": 4.998857405448537, "coeff_drag_shift": 0.5001091341964184, "coeff_lift_gain": 2.4439233573444423, "coeff_lift_shift": 0.061426383039770514, "train_score": 1.0722233279284642e-07, "test_score": 1.0544452334283401e-07}