{"cd0sa": 0.010016696257870742, "cd1sa": 4.550038508410309, "cl1sa": 4.998890588927262, "coeff_drag_shift": 0.5001058917506132, "coeff_lift_gain": 2.445575916257845, "coeff_lift_shift": 0.061089758328345345, "train_score": 1.0102854540265217e-07, "test_score": 9.93568927831995e-08}