{"cd0sa": 0.0100161860720632, "cd1sa": 4.550038069956249, "cl1sa": 4.998922843037708, "coeff_drag_shift": 0.5001027443861875, "coeff_lift_gain": 2.447180801748806, "coeff_lift_shift": 0.060762838529195215, "train_score": 9.51879717253335e-08, "test_score": 9.361613112146665e-08}