{"cd0sa": 0.010015691651907063, "cd1sa": 4.5500376040244115, "cl1sa": 4.998954191863617, "coeff_drag_shift": 0.5000996893861851, "coeff_lift_gain": 2.4487393304828102, "coeff_lift_shift": 0.0604453559563802, "train_score": 8.96808560810344e-08, "test_score": 8.820286180003412e-08}