{"cd0sa": 0.010015212501652535, "cd1sa": 4.550037113678683, "cl1sa": 4.998984658974277, "coeff_drag_shift": 0.5000967241073045, "coeff_lift_gain": 2.4502527860824532, "coeff_lift_shift": 0.060137049621863364, "train_score": 8.448851523118508e-08, "test_score": 8.309875812155258e-08}