{"cd0sa": 0.010014748141495783, "cd1sa": 4.550036601772631, "cl1sa": 4.999014267429218, "coeff_drag_shift": 0.50009384597812, "coeff_lift_gain": 2.4517224197684104, "coeff_lift_shift": 0.05983766510676603, "train_score": 7.959328287388738e-08, "test_score": 7.828648907646335e-08}