{"cd0sa": 0.01001429810705622, "cd1sa": 4.550036070961663, "cl1sa": 4.999043039783269, "coeff_drag_shift": 0.5000910524973349, "coeff_lift_gain": 2.4531494509990113, "coeff_lift_shift": 0.05954695443281634, "train_score": 7.497845678697647e-08, "test_score": 7.374966774121375e-08}