{"cd0sa": 0.010013861948870793, "cd1sa": 4.550035523714558, "cl1sa": 4.999070998091932, "coeff_drag_shift": 0.5000883412320682, "coeff_lift_gain": 2.4545350681076714, "coeff_lift_shift": 0.05926467593415255, "train_score": 7.062824851074717e-08, "test_score": 6.947280214381467e-08}