{"cd0sa": 0.010013439231905, "cd1sa": 4.550034962324419, "cl1sa": 4.99909816391709, "coeff_drag_shift": 0.5000857098161678, "coeff_lift_gain": 2.455880428937427, "coeff_lift_shift": 0.05899059412963246, "train_score": 6.652773546582008e-08, "test_score": 6.544124849562264e-08}