{"cd0sa": 0.010039929997144625, "cd1sa": 4.550019888590675, "cl1sa": 4.997507706698244, "coeff_drag_shift": 0.5002447753738868, "coeff_lift_gain": 2.3754613461322127, "coeff_lift_shift": 0.07536651983907587, "train_score": 5.218739029494312e-07, "test_score": 5.125170781070744e-07}