{"cd0sa": 0.010013029535079385, "cd1sa": 4.550034388919041, "cl1sa": 4.999124558332961, "coeff_drag_shift": 0.5000831559485591, "coeff_lift_gain": 2.4571866614719178, "coeff_lift_shift": 0.05872447959579039, "train_score": 6.266281540415212e-08, "test_score": 6.164116669171953e-08}