{"cd0sa": 0.010012632450811725, "cd1sa": 4.550033805470758, "cl1sa": 4.999150201932325, "coeff_drag_shift": 0.5000806773916221, "coeff_lift_gain": 2.4584548644621886, "coeff_lift_shift": 0.058466108840568944, "train_score": 5.902016309429792e-08, "test_score": 5.805947798428123e-08}