{"cd0sa": 0.010012247584574252, "cd1sa": 4.550033213805746, "cl1sa": 4.999175114832963, "coeff_drag_shift": 0.5000782719695999, "coeff_lift_gain": 2.4596861080487358, "coeff_lift_shift": 0.05821526417794924, "train_score": 5.55871891446695e-08, "test_score": 5.468382473615645e-08}