{"cd0sa": 0.010011874554465082, "cd1sa": 4.550032615612873, "cl1sa": 4.999199316684291, "coeff_drag_shift": 0.5000759375670422, "coeff_lift_gain": 2.4608814343782663, "coeff_lift_shift": 0.05797173360358922, "train_score": 5.2352000872006573e-08, "test_score": 5.1502532165363494e-08}