{"cd0sa": 0.010011512990794322, "cd1sa": 4.550032012452039, "cl1sa": 4.999222826674194, "coeff_drag_shift": 0.5000736721272727, "coeff_lift_gain": 2.4620418582146795, "coeff_lift_shift": 0.05773531067157255, "train_score": 4.930336512464117e-08, "test_score": 4.8504571992753414e-08}