{"cd0sa": 0.010011162535683394, "cd1sa": 4.550031405762085, "cl1sa": 4.99924566353599, "coeff_drag_shift": 0.5000714736508945, "coeff_lift_gain": 2.463168367543834, "coeff_lift_shift": 0.05750579437236146, "train_score": 4.643067297376771e-08, "test_score": 4.567952790932924e-08}