{"cd0sa": 0.010010822842677743, "cd1sa": 4.550030796868283, "cl1sa": 4.999267845555544, "coeff_drag_shift": 0.5000693401943214, "coeff_lift_gain": 2.4642619241716837, "coeff_lift_shift": 0.05728298901204041, "train_score": 4.372390618847543e-08, "test_score": 4.3017562781700834e-08}