{"cd0sa": 0.01001049357637249, "cd1sa": 4.550030186989395, "cl1sa": 4.9992893905784985, "coeff_drag_shift": 0.5000672698683415, "coeff_lift_gain": 2.465323464315412, "coeff_lift_shift": 0.05706670409292805, "train_score": 4.117360541328908e-08, "test_score": 4.0509387516727774e-08}