{"cd0sa": 0.010010174412050552, "cd1sa": 4.550029577244362, "cl1sa": 4.999310316017587, "coeff_drag_shift": 0.5000652608367114, "coeff_lift_gain": 2.4663538991872493, "coeff_lift_shift": 0.05685675419562576, "train_score": 3.877083997026791e-08, "test_score": 3.814623151037184e-08}