{"cd0sa": 0.010009865035332605, "cd1sa": 4.550028968658623, "cl1sa": 4.999330638860051, "coeff_drag_shift": 0.5000633113147792, "coeff_lift_gain": 2.467354115570646, "coeff_lift_shift": 0.05665295886257114, "train_score": 3.650717920996224e-08, "test_score": 3.591981460698339e-08}