{"cd0sa": 0.010038761700574727, "cd1sa": 4.55002090767707, "cl1sa": 4.997577022234971, "coeff_drag_shift": 0.5002377061315858, "coeff_lift_gain": 2.379036361778195, "coeff_lift_shift": 0.07463884207546598, "train_score": 4.926806359510008e-07, "test_score": 4.838755889251621e-07}