{"cd0sa": 0.010009565141838884, "cd1sa": 4.550028362170072, "cl1sa": 4.9993503756751005, "coeff_drag_shift": 0.5000614195681372, "coeff_lift_gain": 2.4683249763885535, "coeff_lift_shift": 0.05645514248314994, "train_score": 3.4374665339088184e-08, "test_score": 3.382232049935399e-08}