{"cd0sa": 0.010009274436862094, "cd1sa": 4.5500277586346956, "cl1sa": 4.9993695426214355, "coeff_drag_shift": 0.5000595839113052, "coeff_lift_gain": 2.4692673212635645, "coeff_lift_shift": 0.05626313418041689, "train_score": 3.236578765509761e-08, "test_score": 3.184637150158333e-08}