{"cd0sa": 0.010008992635051473, "cd1sa": 4.5500271588318855, "cl1sa": 4.999388155454796, "coeff_drag_shift": 0.5000578027064425, "coeff_lift_gain": 2.4701819670697165, "coeff_lift_shift": 0.056076767699473715, "train_score": 3.0473458120515336e-08, "test_score": 2.998500462995052e-08}