{"cd0sa": 0.010008719460107413, "cd1sa": 4.550026563469435, "cl1sa": 4.9994062295355395, "coeff_drag_shift": 0.5000560743620872, "coeff_lift_gain": 2.4710697084757562, "coeff_lift_shift": 0.05589588129753988, "train_score": 2.8690988213119814e-08, "test_score": 2.8231648929298314e-08}