{"cd0sa": 0.010008454644485873, "cd1sa": 4.550025973188293, "cl1sa": 4.99942377983622, "coeff_drag_shift": 0.5000543973319268, "coeff_lift_gain": 2.4719313184797254, "coeff_lift_shift": 0.05572031763575289, "train_score": 2.7012066990077987e-08, "test_score": 2.6580103985177003e-08}