{"cd0sa": 0.010008197929113435, "cd1sa": 4.550025388566989, "cl1sa": 4.999440820949172, "coeff_drag_shift": 0.5000527701135928, "coeff_lift_gain": 2.472767548934729, "coeff_lift_shift": 0.05554992367272446, "train_score": 2.5430740306982383e-08, "test_score": 2.502451956414736e-08}