{"cd0sa": 0.010007949063110842, "cd1sa": 4.5500248101258585, "cl1sa": 4.9994573670940765, "coeff_drag_shift": 0.5000511912474871, "coeff_lift_gain": 2.473579131065773, "coeff_lift_shift": 0.05538455055988073, "train_score": 2.3941391135255986e-08, "test_score": 2.355937632735271e-08}