{"cd0sa": 0.010007707803527142, "cd1sa": 4.550024238330962, "cl1sa": 4.999473432125502, "coeff_drag_shift": 0.5000496593156335, "coeff_lift_gain": 2.474366775977591, "coeff_lift_shift": 0.055224053538602026, "train_score": 2.2538720923723546e-08, "test_score": 2.2179467564604544e-08}