{"cd0sa": 0.01000747391508131, "cd1sa": 4.550023673597843, "cl1sa": 4.999489029540421, "coeff_drag_shift": 0.5000481729405556, "coeff_lift_gain": 2.475131175153368, "coeff_lift_shift": 0.05506829183918318, "train_score": 2.1217731952324707e-08, "test_score": 2.0879881898410625e-08}