{"cd0sa": 0.010007247169913653, "cd1sa": 4.550023116295006, "cl1sa": 4.999504172485673, "coeff_drag_shift": 0.5000467307841828, "coeff_lift_gain": 2.475873000944349, "coeff_lift_shift": 0.054917128581621025, "train_score": 1.9973710628770468e-08, "test_score": 1.9655986909948136e-08}