{"cd0sa": 0.010037580167480572, "cd1sa": 4.5500231106793185, "cl1sa": 4.99764454637969, "coeff_drag_shift": 0.5002307730059156, "coeff_lift_gain": 2.3825134692433467, "coeff_lift_shift": 0.07393106562289041, "train_score": 4.65074205437941e-07, "test_score": 4.567923436716087e-07}