{"cd0sa": 0.010007027347344865, "cd1sa": 4.550022566747214, "cl1sa": 4.99951887376539, "coeff_drag_shift": 0.5000453315467802, "coeff_lift_gain": 2.476592907050258, "coeff_lift_shift": 0.0547704306782425, "train_score": 1.8802211680265292e-08, "test_score": 1.8503413640512272e-08}