{"cd0sa": 0.010006814233643423, "cd1sa": 4.550022025238603, "cl1sa": 4.999533145848354, "coeff_drag_shift": 0.5000439739659082, "coeff_lift_gain": 2.4772915289905355, "coeff_lift_shift": 0.05462806873817464, "train_score": 1.7699043195544027e-08, "test_score": 1.7418041924705482e-08}