{"cd0sa": 0.010006607621800766, "cd1sa": 4.550021492015567, "cl1sa": 4.9995470008753085, "coeff_drag_shift": 0.5000426568154017, "coeff_lift_gain": 2.477969484566381, "coeff_lift_shift": 0.05448991697366222, "train_score": 1.6660252473621407e-08, "test_score": 1.6395986512865637e-08}