{"cd0sa": 0.010006407311313772, "cd1sa": 4.550020967289518, "cl1sa": 4.999560450666176, "coeff_drag_shift": 0.5000413789043794, "coeff_lift_gain": 2.478627374313615, "coeff_lift_shift": 0.0543558531082281, "train_score": 1.5682112638289384e-08, "test_score": 1.5433583942977068e-08}