{"cd0sa": 0.010006213107974685, "cd1sa": 4.550020451239446, "cl1sa": 4.999573506727223, "coeff_drag_shift": 0.5000401390762722, "coeff_lift_gain": 2.479265781946391, "coeff_lift_shift": 0.054225758286675536, "train_score": 1.4761109978941685e-08, "test_score": 1.4527380123404404e-08}