{"cd0sa": 0.01000602482366819, "cd1sa": 4.55001994401433, "cl1sa": 4.9995861802581345, "coeff_drag_shift": 0.500038936207883, "coeff_lift_gain": 2.4798852747917675, "coeff_lift_shift": 0.05409951698692753, "train_score": 1.3893931980235421e-08, "test_score": 1.36741185900109e-08}