{"cd0sa": 0.010005842276174827, "cd1sa": 4.550019445735403, "cl1sa": 4.999598482159007, "coeff_drag_shift": 0.50003776920846, "coeff_lift_gain": 2.480486404215229, "coeff_lift_shift": 0.05397701693368914, "train_score": 1.3077456004978762e-08, "test_score": 1.2870729402864407e-08}