{"cd0sa": 0.010005665288981417, "cd1sa": 4.55001895649828, "cl1sa": 4.999610423037245, "coeff_drag_shift": 0.5000366370188029, "coeff_lift_gain": 2.481069706037173, "coeff_lift_shift": 0.053858149013930254, "train_score": 1.2308738596115789e-08, "test_score": 1.2114318649204576e-08}