{"cd0sa": 0.010005493691097449, "cd1sa": 4.550018476374949, "cl1sa": 4.999622013214385, "coeff_drag_shift": 0.500035538610384, "coeff_lift_gain": 2.481635700940458, "coeff_lift_shift": 0.05374280719416911, "train_score": 1.1585005365478801e-08, "test_score": 1.1402158521188687e-08}