{"cd0sa": 0.010005327316877814, "cd1sa": 4.550018005415617, "cl1sa": 4.999633262732796, "coeff_drag_shift": 0.5000344729844983, "coeff_lift_gain": 2.482184894869065, "coeff_lift_shift": 0.05363088843954837, "train_score": 1.0903641438590916e-08, "test_score": 1.0731677938288301e-08}