{"cd0sa": 0.010036423109558539, "cd1sa": 4.550025425463213, "cl1sa": 4.997710328806664, "coeff_drag_shift": 0.500224020937308, "coeff_lift_gain": 2.3858950952027738, "coeff_lift_shift": 0.07324269890004552, "train_score": 4.389724010916583e-07, "test_score": 4.3118372380990027e-07}