{"cd0sa": 0.010005166005851386, "cd1sa": 4.550017543650488, "cl1sa": 4.999644181362309, "coeff_drag_shift": 0.5000334391714278, "coeff_lift_gain": 2.4827177794179716, "coeff_lift_shift": 0.053522292634682035, "train_score": 1.0262182425978206e-08, "test_score": 1.0100453685561799e-08}