{"cd0sa": 0.01000500960255509, "cd1sa": 4.550017091091381, "cl1sa": 4.999654778606728, "coeff_drag_shift": 0.5000324362296343, "coeff_lift_gain": 2.4832348322143236, "coeff_lift_shift": 0.053416922506263044, "train_score": 9.658305893354252e-09, "test_score": 9.50620204083859e-09}