{"cd0sa": 0.010004857956373804, "cd1sa": 4.550016647733255, "cl1sa": 4.999665063710243, "coeff_drag_shift": 0.5000314632449685, "coeff_lift_gain": 2.4837365172899957, "coeff_lift_shift": 0.05331468354740491, "train_score": 9.089823304022707e-09, "test_score": 8.94677086463824e-09}