{"cd0sa": 0.010004710921385239, "cd1sa": 4.550016213555662, "cl1sa": 4.999675045663739, "coeff_drag_shift": 0.500030519329901, "coeff_lift_gain": 2.4842232854456463, "coeff_lift_shift": 0.053215483943703325, "train_score": 8.554672408393055e-09, "test_score": 8.420132128365366e-09}