{"cd0sa": 0.010004568356210166, "cd1sa": 4.550015788524066, "cl1sa": 4.999684733211005, "coeff_drag_shift": 0.5000296036227726, "coeff_lift_gain": 2.4846955746063837, "coeff_lift_shift": 0.05311923450099478, "train_score": 8.050910056605597e-09, "test_score": 7.92437485733648e-09}