{"cd0sa": 0.0100044301238676, "cd1sa": 4.5500153725911, "cl1sa": 4.999694134854815, "coeff_drag_shift": 0.5000287152870665, "coeff_lift_gain": 2.485153810169123, "coeff_lift_shift": 0.05302584857479043, "train_score": 7.576705411696333e-09, "test_score": 7.457698466447704e-09}