{"cd0sa": 0.01000429609163452, "cd1sa": 4.550014965697741, "cl1sa": 4.999703258862928, "coeff_drag_shift": 0.500027853510696, "coeff_lift_gain": 2.4855984053417974, "coeff_lift_shift": 0.05293524200136218, "train_score": 7.1303335415085075e-09, "test_score": 7.018406467349431e-09}