{"cd0sa": 0.010004166130910517, "cd1sa": 4.550014567774388, "cl1sa": 4.999712113273956, "coeff_drag_shift": 0.5000270175053149, "coeff_lift_gain": 2.4860297614745033, "coeff_lift_shift": 0.05284733303045622, "train_score": 6.710169369113334e-09, "test_score": 6.604900527091687e-09}