{"cd0sa": 0.010035299161919038, "cd1sa": 4.550027593405429, "cl1sa": 4.997774409631224, "coeff_drag_shift": 0.5002174573057524, "coeff_lift_gain": 2.389183618105744, "coeff_lift_shift": 0.07257325985823729, "train_score": 4.142967201863584e-07, "test_score": 4.0697222647674045e-07}