{"cd0sa": 0.010034209647109233, "cd1sa": 4.550029560609408, "cl1sa": 4.997836826268976, "coeff_drag_shift": 0.5002110801057241, "coeff_lift_gain": 2.392381369794535, "coeff_lift_shift": 0.07192227577927893, "train_score": 3.909724195686756e-07, "test_score": 3.8408462257775653e-07}