{"Ch": 0.00011466496937476065, "Cq": -1.4553439791530965e-09, "Ct": 1.2373158358803325e-05, "alpha0": [0.11975136607085218, 0.14077977816444856, 0.0, -0.0, 0.0042061867886846694], "alpha_stall": 0.2892171821730192, "cd0fp": 0.03480695079824192, "cd0sa": 0.028678852929569787, "cd1fp": 4.569767744181219, "cd1sa": 4.0409010054796095, "cl1fp": 0.15422982516548267, "cl1sa": 4.344383295000032, "coef_lift_gain": 0.8349783705560239, "coeff_drag_shift": -0.04607355105472499, "coeff_lift_shift": 0.7466174736301157, "cp_list": [[0.0, 0.5157538188438764, -0.0], [0.0, -0.503809681251347, 0.0], [0.08587000878958195, 0.3560485776229199, 0.0], [-1.0159987651965818, -0.061702852615721754, 0.0], [0.0, -0.0, 0.0]], "inertie": [[0.00015160707762333915, 0.0, 0.0], [0.0, 0.11135354909539001, 0.0], [0.0, 0.0, 0.12472059024870606]], "largeur_stall": 0.7876080413643718, "masse": 2.6872450257725564, "train_score": 0, "test_score": 0}