{"Ch": -2.3592985857462923e-05, "Cq": 1.6387015166376135e-08, "Ct": 1.2307712503101897e-05, "alpha0": [0.13519226027495215, -0.014566397784891194, 0.0, 0.0, -0.0035187894134495945], "alpha_stall": 0.5345331034218752, "cd0fp": 0.041008671835127845, "cd0sa": 0.022118010317720104, "cd1fp": 4.256284848093661, "cd1sa": 9.981326065883563, "cl1fp": 0.16312305969591046, "cl1sa": 2.9806847015941336, "coef_lift_gain": 0.8532653251853581, "coeff_drag_shift": 0.11205286673420495, "coeff_lift_shift": 0.2640862041954148, "cp_list": [[0.0, 0.9646353088478415, 0.0], [0.0, -0.336453615546126, 0.0], [0.000667421584162442, 0.21304822155041578, -0.0], [-0.2681050704952266, -0.16853374916237904, 0.0], [0.0, 0.0, 0.0]], "inertie": [[0.15969944950475887, 0.0, 0.0], [0.0, 0.37050969198126354, -0.0], [0.0, 0.0, 0.2904239468354503]], "largeur_stall": -0.1341016899355026, "masse": 2.0748065475137585, "train_score": 0, "test_score": 0}