{"Ch": 9.849122645213503e-05, "Cq": 2.2538511941187284e-08, "Ct": 1.586307111610898e-05, "alpha0": [0.028178408322160422, -0.0028840221665902455, 0.0, 0.0, 0.033571034901846535], "alpha_stall": 0.5525063057877129, "cd0fp": 0.06717930813555033, "cd0sa": 0.058371736499969996, "cd1fp": 0.46316815786370313, "cd1sa": 7.66730622543164, "cl1fp": 0.37434334938361513, "cl1sa": 7.309042772514905, "coef_lift_gain": 0.08372165693928613, "coeff_drag_shift": 0.6910364114416248, "coeff_lift_shift": 1.216219242263378, "cp_list": [[-0.0, 0.8770707116974631, 0.0], [0.0, -0.2285903581953011, 0.0], [-0.5022866376519131, 0.30544444422254635, 0.0], [-1.1047307552268741, -0.22232854857682924, -0.0], [0.0, 0.0, 0.0]], "inertie": [[0.12082776029633926, 0.0, 0.0], [0.0, 0.1288007259273546, 0.0], [0.0, 0.0, 0.32247550715697004]], "largeur_stall": 0.4150311337401394, "masse": 5.675857918438558, "train_score": 0, "test_score": 0}