{"Ch": 5.726411866823698e-05, "Cq": -3.444432248634399e-10, "Ct": 6.10403095747338e-05, "alpha0": [0.13449950044438108, 0.09092143068928214, 0.0, 0.0, 0.021186518147632956], "alpha_stall": -0.04857788202894163, "cd0fp": -0.003050074844549605, "cd0sa": 0.05642048082862767, "cd1fp": 2.964828845095573, "cd1sa": 5.386932695586402, "cl1fp": 3.5967623307057295, "cl1sa": 3.084975038005458, "coef_lift_gain": 0.522024523838551, "coeff_drag_shift": 1.0880426244542076, "coeff_lift_shift": 0.38560851893828807, "cp_list": [[0.0, 0.5805878799412125, 0.0], [0.0, 0.03635060281104021, 0.0], [-0.5002889547744634, 0.25266788162473286, 0.0], [-0.9509583973781577, -0.22797304056847073, 0.0], [0.0, 0.0, -0.0]], "inertie": [[0.2059735684405508, 0.0, 0.0], [0.0, 0.21918640113661672, 0.0], [0.0, 0.0, 0.10006026687132441]], "largeur_stall": -0.2570287248196897, "masse": -0.07675951039964046, "train_score": 0, "test_score": 0}