{"Ch": 0.0001, "Cq": 1e-08, "Ct": -0.0007397072202014979, "alpha0": [0.06000000009771122, 0.06000000009771122, -6.682821254885299e-20, -6.682821254917386e-20, 0.06000000013028137], "alpha_stall": 0.3391428111, "cd0fp": 0.045, "cd0sa": 0.045000000717549754, "cd1fp": 2.5, "cd1sa": 4.550000000002151, "cl1fp": 1.5, "cl1sa": 5.0, "coef_lift_gain": 0.5, "coeff_drag_shift": 0.5, "coeff_lift_shift": 0.5, "cp_list": [[-1.6197776744049203e-21, 0.45, -6.918502480765243e-24], [-1.6197776744049203e-21, -0.45, -6.918502480765243e-24], [-0.5, 0.15, -4.1344611386442745e-25], [-0.5, -0.15, -4.1344611386442795e-25], [-3.021081708106759e-21, -3.2152802084271472e-21, -1.9419850032039064e-22]], "inertie": [[0.2, 0.0, 0.0], [0.0, 0.15, 0.0], [0.0, 0.0, 0.15]], "largeur_stall": 0.5235987755982988, "masse": 2.5, "test_score": 39925.47607414408, "train_score": 900712.7248181254}