{"Ch": 0.0001, "Cq": 1e-08, "Ct": 78.48595515240191, "alpha0": [0.05999136321292117, 0.05999136321292117, -6.682821254885299e-20, -6.682821254917386e-20, 0.05999169248000061], "alpha_stall": 0.3391428111, "cd0fp": 0.045, "cd0sa": 0.04491985086482758, "cd1fp": 2.5, "cd1sa": 4.550000099841603, "cl1fp": 1.5, "cl1sa": 5.0, "coef_lift_gain": 0.5, "coeff_drag_shift": 0.5, "coeff_lift_shift": 0.5, "cp_list": [[-1.6197776744049203e-21, 0.45, -6.918502480765243e-24], [-1.6197776744049203e-21, -0.45, -6.918502480765243e-24], [-0.5, 0.15, -4.1344611386442745e-25], [-0.5, -0.15, -4.1344611386442795e-25], [-3.021081708106759e-21, -3.2152802084271472e-21, -1.9419850032039064e-22]], "inertie": [[0.2, 0.0, 0.0], [0.0, 0.15, 0.0], [0.0, 0.0, 0.15]], "largeur_stall": 0.5235987755982988, "masse": 2.5, "test_score": 420525480950638.25, "train_score": 9488106174789562.0}