{"Ch": 7.27556133971185e-05, "Cq": 1.8146617061431565e-08, "Ct": -1.9865711707631686e-06, "alpha0": [0.08255334762755505, 0.05867863308521362, 0.0, 0.0, 0.058417618593148785], "alpha_stall": 0.22326301979721325, "cd0fp": 0.09399468731146511, "cd0sa": 0.04615940083197067, "cd1fp": 6.22611812035236, "cd1sa": 3.966947723619974, "cl1fp": 3.346075257135663, "cl1sa": 6.574610095854879, "coef_lift_gain": 1.0733732237460818, "coeff_drag_shift": 0.589843630589681, "coeff_lift_shift": 0.591528060084177, "cp_list": [[0.0, 0.6875406276493271, 0.0], [-0.0, -0.3967886907453012, -0.0], [0.12386182001125201, 0.006674708472667872, 0.0], [-0.484015196742723, -0.13014606803680387, 0.0], [0.0, 0.0, 0.0]], "inertie": [[0.3744383161649991, -0.0, 0.0], [0.0, 0.18306664840387632, 0.0], [0.0, -0.0, -0.04133027136455897]], "largeur_stall": 0.8196690690128975, "masse": 1.7942927584432322, "train_score": 0, "test_score": 0}