{"Ch": 0.0001443708154251324, "Cq": 6.47504546393331e-09, "Ct": 4.112233901389002e-05, "alpha0": [0.01403367948845708, 0.037188751356331984, 0.0, 0.0, 0.0708460855064233], "alpha_stall": 0.25202059396211135, "cd0fp": 0.08866510639639308, "cd0sa": 0.003200811675036948, "cd1fp": 5.583972565420716, "cd1sa": 6.86279209388214, "cl1fp": 2.9304201962307417, "cl1sa": -2.3939390073101463, "coef_lift_gain": 1.088238209590052, "coeff_drag_shift": -0.0353905254255118, "coeff_lift_shift": -0.11787780528108482, "cp_list": [[0.0, 0.6120817459617899, 0.0], [0.0, -0.017942963262870905, 0.0], [-0.47729185717215933, -0.01528280146798231, 0.0], [-1.1528567392725422, -0.30758465239848337, -0.0], [0.0, 0.0, 0.0]], "inertie": [[0.03234588618196299, 0.0, 0.0], [0.0, 0.1164673703346864, -0.0], [0.0, -0.0, 0.16453298043598022]], "largeur_stall": 0.88153508378252, "masse": -0.372427383791909, "train_score": 0, "test_score": 0}