{"Ch": -2.9762696937279024e-05, "Cq": 2.140949236835885e-08, "Ct": 5.435147684627152e-05, "alpha0": [0.12757286392494172, 0.06432393076352928, 0.0, 0.0, 0.11507707496124008], "alpha_stall": 0.4859536268055006, "cd0fp": 0.07116797512789477, "cd0sa": 0.006324657880497192, "cd1fp": 3.1110489498294442, "cd1sa": 6.747088343927235, "cl1fp": 2.7812012791467478, "cl1sa": 9.306363194807311, "coef_lift_gain": 0.32777385538275633, "coeff_drag_shift": 0.2912078860336306, "coeff_lift_shift": 1.1164690294862392, "cp_list": [[0.0, 0.5339584250065684, -0.0], [0.0, -0.40625407310576506, 0.0], [-1.0547648964848864, -0.005985508982816267, 0.0], [0.13166235461881848, -0.21785432295449675, 0.0], [0.0, 0.0, 0.0]], "inertie": [[0.28633756565873825, 0.0, 0.0], [0.0, 0.17522151342963777, 0.0], [0.0, 0.0, 0.2560658516902252]], "largeur_stall": 0.3107642550176615, "masse": 4.36451364915381, "train_score": 0, "test_score": 0}