{"Ch": 0.00016958072600520998, "Cq": 1.0210700835711808e-08, "Ct": 1.9526229206992855e-05, "alpha0": [0.13634385707305868, 0.10507406953459889, 0.0, -0.0, 0.10261729541553628], "alpha_stall": 0.2857221613793134, "cd0fp": 0.09462902870199837, "cd0sa": 0.0321957495597135, "cd1fp": 2.0457653931714894, "cd1sa": 4.653939498220843, "cl1fp": 1.3165906483938417, "cl1sa": 0.3632509767619041, "coef_lift_gain": 0.2781983387157198, "coeff_drag_shift": 0.5100606282727281, "coeff_lift_shift": 0.6694660221252315, "cp_list": [[0.0, 0.31425311933095523, 0.0], [0.0, 0.15785861658484338, 0.0], [-1.1214818646321436, 0.18450954491399288, 0.0], [-0.5894755586785061, -0.3728585734046619, 0.0], [0.0, 0.0, 0.0]], "inertie": [[-0.07718322448275945, 0.0, -0.0], [0.0, 0.07078427654721445, 0.0], [-0.0, 0.0, 0.07806688913056949]], "largeur_stall": 0.19198802322070999, "masse": 0.16457020156060126, "train_score": 0, "test_score": 0}