{"Ch": 3.445334743528399e-05, "Cq": 1.1993100430996687e-08, "Ct": 6.017348145108889e-06, "alpha0": [0.13039240464190338, 0.01756225592031296, -0.0, 0.0, 0.054907815931045593], "alpha_stall": 0.09912135557680612, "cd0fp": 0.005455468159143907, "cd0sa": 0.031634297455055964, "cd1fp": 0.09643592661505135, "cd1sa": 1.9269436316284891, "cl1fp": 2.2747262434426405, "cl1sa": 4.34863515548995, "coef_lift_gain": 1.183414673999097, "coeff_drag_shift": -0.056667749296283265, "coeff_lift_shift": 0.6037460775664438, "cp_list": [[-0.0, 0.43044919516650965, 0.0], [0.0, -0.8512515282233262, 0.0], [-0.9121742417725432, 0.24932935677705764, -0.0], [0.014395472272864418, -0.2916498741089687, 0.0], [0.0, 0.0, 0.0]], "inertie": [[0.4916609012387159, 0.0, 0.0], [-0.0, 0.30839777749182856, 0.0], [0.0, 0.0, 0.06558870339678423]], "largeur_stall": 0.5251553050149507, "masse": 5.685493765182947, "train_score": 0, "test_score": 0}