{"wind": [0, 0, 0], "g": [0.0, 0.0, 9.81], "masse": 2.5, "inertie": [[0.2, 0.0, 0.0], [0.0, 0.15, 0.0], [0.0, 0.0, 0.15]], "aire": [0.01938, 0.01938, 0.0064600000000000005, 0.0064600000000000005, 0.025840000000000002], "cp_list": [[0.0, 0.45, 0.0], [0.0, -0.45, 0.0], [-0.5, 0.15, 0.0], [-0.5, -0.15, 0.0], [0.0, 0.0, 0.0]], "alpha0": [0.06, 0.06, 0.0, 0.0, 0.06], "alpha_stall": 0.3391428111, "largeur_stall": 0.5235987755982988, "cd0sa": 0.045, "cd0fp": 0.045, "cd1sa": 4.55, "cl1sa": 5, "cd1fp": 2.5, "coeff_drag_shift": 0.5, "coeff_lift_shift": 0.5, "coef_lift_gain": 0.5, "Ct": 2.5e-05, "Cq": 1e-08, "Ch": 0.0001}