{"Ch": 0.00013056806670116213, "Cq": 1.0716575125324349e-08, "Ct": 2.5782893475434194e-05, "alpha0": [0.07407093066042465, 0.0872989530262523, 0.0, 0.0, 0.036672583370365275], "alpha_stall": 0.27516020692660187, "cd0fp": 0.027178016025446505, "cd0sa": 0.026703030236037918, "cd1fp": 1.6502779877303713, "cd1sa": 2.401671525623809, "cl1fp": 1.4291248477190928, "cl1sa": 5.230992592600097, "coef_lift_gain": 0.2679403995903544, "coeff_drag_shift": 0.255464406967871, "coeff_lift_shift": 0.7073025674133662, "cp_list": [[0.0, 0.45754243391978006, 0.0], [0.0, -0.6605428940990835, 0.0], [-0.2958187731023682, 0.20202804815190845, 0.0], [-0.44392794252672857, -0.0930781509140998, 0.0], [0.0, 0.0, 0.0]], "inertie": [[0.2793349787680488, 0.0, 0.0], [0.0, 0.2208290898705403, 0.0], [0.0, 0.0, 0.19679801961203072]], "largeur_stall": 0.6052595844623266, "masse": 3.7189332119442406, "train_score": 1.0037893282595134, "test_score": 0.04529168954104521}