{"Ch": 0.00010692875091811316, "Cq": 2.2280816936994486e-09, "Ct": -5.198241163188694e-06, "alpha0": [-0.02109998159694317, 0.016469241243591153, 0.0, 0.0, 0.1491647862344447], "alpha_stall": 0.1469441811229318, "cd0fp": 0.07335341161368128, "cd0sa": -0.017918899553903165, "cd1fp": -0.8877682750619709, "cd1sa": 0.378284099012483, "cl1fp": 1.3254563483050388, "cl1sa": 5.909249298205365, "coef_lift_gain": 0.3640681588302441, "coeff_drag_shift": 1.2171686907236035, "coeff_lift_shift": 0.6784348217067617, "cp_list": [[0.0, 0.5152168704401, 0.0], [0.0, -0.6819703468345474, -0.0], [-0.9183766986045765, 0.007049536473434126, 0.0], [-0.9923177873131754, -0.2836227319966998, 0.0], [0.0, 0.0, 0.0]], "inertie": [[0.1411567835069057, 0.0, 0.0], [0.0, 0.03353557984936143, -0.0], [0.0, -0.0, 0.08825739874074466]], "largeur_stall": 0.8450683592374781, "masse": 0.3370725737713276, "train_score": 0, "test_score": 0}