{"Ch": 0.00011048099939727625, "Cq": 8.158306481164743e-09, "Ct": 4.458745178036613e-05, "alpha0": [0.061941166228305894, 0.13242618953150498, 0.0, 0.0, 0.1224441309793872], "alpha_stall": 0.713147926915927, "cd0fp": 0.005690712189922772, "cd0sa": 0.08776643553568379, "cd1fp": 5.895451879294535, "cd1sa": 4.694565607551679, "cl1fp": 3.5867699095741017, "cl1sa": 3.8280663446168397, "coef_lift_gain": 0.851603846927229, "coeff_drag_shift": 0.3280639977373012, "coeff_lift_shift": 0.47909154837285434, "cp_list": [[0.0, 0.02353167838833194, 0.0], [0.0, -0.1936178607447447, 0.0], [0.027306270225964546, -0.04768330306288515, 0.0], [0.0440228202522186, 0.07147293929187042, 0.0], [0.0, 0.0, 0.0]], "inertie": [[-0.07197097453174339, 0.0, 0.0], [0.0, 0.019399317811996542, 0.0], [-0.0, 0.0, 0.12833823266870473]], "largeur_stall": 1.0738218268623896, "masse": 2.660750753802276, "train_score": 0, "test_score": 0}