{"Ch": 8.526525387019313e-05, "Cq": 2.395238813134885e-08, "Ct": 5.795088486705897e-06, "alpha0": [-0.02716655220319399, -0.022646632068189836, 0.0, 0.0, 0.031889923210268185], "alpha_stall": 0.7502417308522175, "cd0fp": 0.06583724824953506, "cd0sa": -0.003192113533759282, "cd1fp": 3.3943896839371286, "cd1sa": 6.464333115233674, "cl1fp": -0.26536887958553035, "cl1sa": 11.45204637555369, "coef_lift_gain": 0.9148645035687462, "coeff_drag_shift": 0.4688829126254966, "coeff_lift_shift": 0.9949766891768661, "cp_list": [[0.0, 0.7926545617371035, 0.0], [0.0, -0.6134471338471822, 0.0], [-0.5244821363544274, 0.19178789491119944, 0.0], [-0.8112361505858596, -0.018685207489708006, -0.0], [0.0, 0.0, 0.0]], "inertie": [[0.4272686504314496, 0.0, 0.0], [-0.0, 0.24987542327210457, 0.0], [-0.0, 0.0, 0.18492092652356792]], "largeur_stall": 0.6792897338333921, "masse": 5.57686847769342, "train_score": 0, "test_score": 0}