{"Ch": 0.0001713521303679562, "Cq": 2.3900009767940553e-08, "Ct": 9.246963439090659e-06, "alpha0": [0.09216563439343246, 0.13563246162036974, -0.0, -0.0, 0.12898252012190714], "alpha_stall": 0.5311333691379276, "cd0fp": 0.008659271542277976, "cd0sa": 0.06416466077933143, "cd1fp": 3.587473201825788, "cd1sa": 10.095864920435904, "cl1fp": 0.6531931474515803, "cl1sa": 9.97575694029151, "coef_lift_gain": 0.6827135324543027, "coeff_drag_shift": 0.7820401334249945, "coeff_lift_shift": 0.37128280765680594, "cp_list": [[-0.0, 0.06051728027415731, -0.0], [0.0, -1.1096392196988545, 0.0], [0.04507157587937294, 0.22405363034974682, 0.0], [-0.20877647778024477, -0.24498777132399896, 0.0], [0.0, 0.0, 0.0]], "inertie": [[0.18325162311033166, 0.0, 0.0], [0.0, 0.3320747853244787, 0.0], [0.0, -0.0, 0.07005110671402279]], "largeur_stall": 1.1863776333801161, "masse": 5.087754686800726, "train_score": 0, "test_score": 0}