{"Ch": -4.2649409120640995e-05, "Cq": -2.563372282198897e-09, "Ct": 6.159582952208929e-05, "alpha0": [0.08204843681622263, -0.011626466543639613, 0.0, -0.0, 0.10419480752000979], "alpha_stall": 0.6892238418656421, "cd0fp": 0.013406645772064348, "cd0sa": 0.07810818718412393, "cd1fp": 0.4238609494683948, "cd1sa": 7.044133649807735, "cl1fp": 1.8312770927108977, "cl1sa": 9.937344849607088, "coef_lift_gain": 1.0635570522354951, "coeff_drag_shift": 0.7340050397293285, "coeff_lift_shift": 0.0294457873874987, "cp_list": [[0.0, 0.2560233314229924, 0.0], [-0.0, -1.0753586915049889, 0.0], [-0.9865233484719645, 0.04151030608899509, 0.0], [-0.6442873202086569, -0.0808231019103568, 0.0], [0.0, 0.0, 0.0]], "inertie": [[0.13656646346557397, 0.0, 0.0], [0.0, 0.1526715806191112, 0.0], [0.0, 0.0, 0.3655128163707187]], "largeur_stall": 0.4372378214019607, "masse": 3.6846353873298785, "train_score": 0, "test_score": 0}