{"Ch": 3.883459245351728e-06, "Cq": 1.1358225569070839e-08, "Ct": 3.7673492842299343e-05, "alpha0": [0.07435922177360464, 0.07098071840873268, 0.0, 0.0, 0.005623530353490245], "alpha_stall": 0.29899879185281714, "cd0fp": 0.06021271261577123, "cd0sa": 0.08632800308985322, "cd1fp": 4.979228168422611, "cd1sa": 3.422523730939941, "cl1fp": 2.68563184611614, "cl1sa": 4.251304852403254, "coef_lift_gain": 0.11832194106413246, "coeff_drag_shift": -0.07882671754806037, "coeff_lift_shift": 0.4851219461840272, "cp_list": [[-0.0, 0.587329305511673, 0.0], [0.0, 0.13850959958526537, 0.0], [0.1084974944909829, 0.23863696958522274, 0.0], [-1.0821798056790677, 0.04091233268197517, -0.0], [0.0, 0.0, 0.0]], "inertie": [[0.1716391240042683, 0.0, -0.0], [0.0, 0.3030269724598867, -0.0], [0.0, 0.0, 0.355888742709827]], "largeur_stall": 0.9823283576749935, "masse": 5.594679627097829, "train_score": 0, "test_score": 0}