{"Ch": 5.971381583610357e-05, "Cq": 2.1891470209787222e-08, "Ct": 4.87711569614627e-06, "alpha0": [0.09723917165387652, 0.11507451274676528, 0.0, 0.0, 0.08925667486322539], "alpha_stall": 0.5577009645353573, "cd0fp": 0.00038929661679465156, "cd0sa": 0.001726333551210603, "cd1fp": 1.0078654009970545, "cd1sa": -1.0844626114147824, "cl1fp": 1.356857319805225, "cl1sa": 10.464060086586965, "coef_lift_gain": 0.5225202772792441, "coeff_drag_shift": 0.5332759915934945, "coeff_lift_shift": -0.03328977908815589, "cp_list": [[0.0, 0.42786602004155105, -0.0], [0.0, -0.023549560583032893, -0.0], [-0.9255501431635421, 0.15078696358842195, 0.0], [-1.0575322853203395, -0.11065576160595529, 0.0], [0.0, 0.0, 0.0]], "inertie": [[0.4350048018221553, 0.0, 0.0], [0.0, 0.24108484518188875, 0.0], [0.0, 0.0, 0.18262107960625845]], "largeur_stall": 0.26066059022311444, "masse": -0.8441341332513186, "train_score": 0, "test_score": 0}