{"Ch": 0.00010759211028673894, "Cq": 1.0981852818940298e-08, "Ct": 1.57006770272089e-05, "alpha0": [0.05278521401969234, 0.08891061651054687, 0.0, 0.0, 0.0386868860844533], "alpha_stall": 0.21769952983535373, "cd0fp": 0.0651447291033391, "cd0sa": 0.025177521617853093, "cd1fp": 2.3786138415361107, "cd1sa": 3.4328559992726375, "cl1fp": 1.7674834718499746, "cl1sa": 4.612818050629727, "coef_lift_gain": 0.3748759518813499, "coeff_drag_shift": 0.5193764025856044, "coeff_lift_shift": 0.5038984081626814, "cp_list": [[0.0, 0.5783018051337405, 0.0], [0.0, -0.5059661310453817, 0.0], [-0.7275764210842293, 0.154546121588586, 0.0], [-0.3394601328766103, -0.09708191984024138, 0.0], [0.0, 0.0, 0.0]], "inertie": [[0.2265349332999203, 0.0, 0.0], [0.0, 0.09230622929932115, 0.0], [0.0, 0.0, 0.202143263894919]], "largeur_stall": 0.2710025602766783, "masse": 3.7096489939677157, "train_score": 132.5428730022054, "test_score": 5.911753655334954}