{"Ch": 0.00011585321035089504, "Cq": 1.55382194357245e-08, "Ct": 5.123326233350579e-05, "alpha0": [-0.017115978098332606, 0.008068564599974003, -0.0, -0.0, 0.13785355424591186], "alpha_stall": 0.31840320990534143, "cd0fp": 0.0640228996183338, "cd0sa": 0.059466708556773745, "cd1fp": 5.886122037786326, "cd1sa": 7.472449796499423, "cl1fp": 2.646907054465358, "cl1sa": -0.94478795229063, "coef_lift_gain": 0.9035860340950014, "coeff_drag_shift": 0.7774218660842597, "coeff_lift_shift": -0.009028618607869854, "cp_list": [[0.0, 0.36745339052352677, -0.0], [0.0, -0.05748095068595098, 0.0], [-0.9168488673773417, 0.10514118412946616, 0.0], [-1.0852073388734023, -0.08462816136320739, 0.0], [0.0, 0.0, -0.0]], "inertie": [[-0.03133036004808814, 0.0, 0.0], [0.0, 0.2955356792489309, 0.0], [0.0, 0.0, 0.03975808015547206]], "largeur_stall": -0.036842229099787786, "masse": -0.23374305048564137, "train_score": 0, "test_score": 0}