{"Ch": 0.00011262971166017969, "Cq": 1.325710944989921e-08, "Ct": 2.4096463306260582e-05, "alpha0": [0.08919163830133991, 0.06337178998032532, 0.0, 0.0, 0.04789175802647666], "alpha_stall": 0.3261945803222294, "cd0fp": 0.04488345935053179, "cd0sa": 0.027865433692442033, "cd1fp": 2.679286446603504, "cd1sa": 6.248844174501566, "cl1fp": 1.3350243799317514, "cl1sa": 4.441202857734961, "coef_lift_gain": 0.4562723444168558, "coeff_drag_shift": 0.27476051695478865, "coeff_lift_shift": 0.33151396399650584, "cp_list": [[0.0, 0.5928776296862579, 0.0], [0.0, -0.6198941345297825, 0.0], [-0.44103820174577624, 0.16722483732998486, 0.0], [-0.5147718740997134, -0.07890403118833249, 0.0], [0.0, 0.0, 0.0]], "inertie": [[0.16024167206255, 0.0, 0.0], [0.0, 0.1192164902945147, 0.0], [0.0, 0.0, 0.12900821251531674]], "largeur_stall": 0.35618888036827284, "masse": 1.4646585473143305, "train_score": 1.2373039142441247, "test_score": 0.06186167611268823}