{"Ch": 0.00021134951651853245, "Cq": 2.3013749224181063e-08, "Ct": -1.2010441406701978e-05, "alpha0": [-0.0033392969106279488, 0.12105507496206697, -0.0, 0.0, 0.10615278118724983], "alpha_stall": -0.008067233245143128, "cd0fp": 0.07751870859695507, "cd0sa": 0.09030785167142395, "cd1fp": -0.2383033245722732, "cd1sa": 7.548180072967611, "cl1fp": 1.2726918602211048, "cl1sa": -0.1974766433304609, "coef_lift_gain": 0.9009451443235521, "coeff_drag_shift": 0.022047765897648064, "coeff_lift_shift": 0.4023837458947069, "cp_list": [[-0.0, 0.19940059351515857, 0.0], [0.0, 0.07060264443253124, 0.0], [-0.9452112881445184, 0.29446924246677414, 0.0], [-0.8752805677565574, 0.042268738880943756, 0.0], [0.0, 0.0, 0.0]], "inertie": [[0.41443324847127166, 0.0, 0.0], [0.0, 0.18634186440690942, 0.0], [0.0, 0.0, 0.09293537842413263]], "largeur_stall": 0.4476785566854388, "masse": 1.0192525317973142, "train_score": 0, "test_score": 0}