{"Ch": 7.655194494416987e-05, "Cq": 1.1029915380307478e-08, "Ct": 3.6221053717036075e-06, "alpha0": [0.021760731632744928, 0.07956292594078918, -0.0, 0.0, 0.11809828590119875], "alpha_stall": 0.5313357452931204, "cd0fp": -0.01614237070314114, "cd0sa": 0.011056779441290437, "cd1fp": 1.833270760628439, "cd1sa": 9.755625415727604, "cl1fp": -0.5867717409655082, "cl1sa": 3.642809417704633, "coef_lift_gain": 0.7330218609267855, "coeff_drag_shift": 0.5257935718188367, "coeff_lift_shift": 0.027021951310988723, "cp_list": [[0.0, 0.4368120848138397, 0.0], [0.0, -0.46652385687491266, 0.0], [0.020943669137121645, 0.26798330952219274, -0.0], [-0.7667704555161822, -0.35132420349265403, 0.0], [-0.0, 0.0, 0.0]], "inertie": [[0.15398975737672183, 0.0, 0.0], [0.0, 0.17951084776120552, 0.0], [0.0, 0.0, 0.3180317355534279]], "largeur_stall": 0.5895392701263107, "masse": 4.4625769248894365, "train_score": 0, "test_score": 0}