{"wind": [0, 0, 0], "g": [0.0, 0.0, 9.81], "mode": [1, 1, 1, 1], "masse": 8.5, "inertie": [[1.38, 0.0, 0.0], [0.0, 0.84, 0.0], [0.0, 0.0, 2.17]], "aire": [0.10493624, 0.10493624, 0.0021964000000000003, 0.021964, 0.21628080000000002], "cp_list": [[-0.013, 0.475, -0.04], [-0.013, -0.475, -0.04], [-1.006, 0.85, -0.134], [-1.006, -0.85, -0.134], [0.021, 0.0, -0.064]], "alpha0": [0.07, 0.07, 0.0, 0.0, 0.07], "alpha_stall": 0.3391428111, "largeur_stall": 0.2617993877991494, "cd0sa": 0.01, "cd0fp": 0.01, "cd1sa": 4.55, "cl1sa": 5, "cd1fp": 2.5, "coeff_drag_shift": 0.5, "coeff_lift_shift": 0.5, "coeff_lift_gain": 5, "Ct": 0.0002, "Cq": 1e-08, "Ch": 0.0001, "rotor_moy_speed": 200}