{"Ch": 7.748409340667891e-05, "Cq": 1.9406955422216253e-08, "Ct": -2.572727766931171e-06, "alpha0": [0.12755623863057589, 0.06956621643921371, -0.0, -0.0, 0.04980219932016353], "alpha_stall": 0.6535084459600453, "cd0fp": 0.11203422927282279, "cd0sa": -0.0019194264238934678, "cd1fp": 3.6280514520490104, "cd1sa": 6.3433794958937595, "cl1fp": 2.207377879531488, "cl1sa": 11.124961130511899, "coef_lift_gain": -0.18113511227127566, "coeff_drag_shift": 0.030758881731035526, "coeff_lift_shift": 0.23374227572717815, "cp_list": [[0.0, -0.19781807112777047, 0.0], [0.0, 0.16604715408962326, -0.0], [-0.0755199709910705, 0.3030602807580449, 0.0], [-0.7084716565201816, -0.23818315416536892, 0.0], [0.0, -0.0, 0.0]], "inertie": [[0.1644449480711676, 0.0, 0.0], [0.0, 0.07171028116138652, 0.0], [0.0, 0.0, 0.08877357418047298]], "largeur_stall": -0.1776465038687816, "masse": 3.3079948231232836, "train_score": 0, "test_score": 0}