{"alpha_stall": 0.30031976275971917, "largeur_stall": 0.42132430852617475, "cd1sa": 6.079264843240378, "cl1sa": 6.221573610913872, "cd0sa": 0.013154989596366897, "cd1fp": 1.3435054187086193, "cd0fp": 0.04251196517530532, "coeff_drag_shift": 0.44978949627806725, "coeff_lift_shift": 0.6893491487642017, "coef_lift_gain": 0.4586721268620056, "train_score": 0.007092701658811905, "test_score": 0.006051330725198557}