{"alpha_stall": 0.30031976275971917, "largeur_stall": 0.42132430852617475, "cd1sa": 6.077549710344712, "cl1sa": 6.25561362135438, "cd0sa": 0.007493915129329533, "cd1fp": 1.3435054187086193, "cd0fp": 0.04251196517530532, "coeff_drag_shift": 0.44978949627806725, "coeff_lift_shift": 0.6893491487642017, "coef_lift_gain": 0.4586721268620056, "train_score": 0.007969514517640476, "test_score": 0.006183426444072836}