{"alpha_stall": 0.30031976275971917, "largeur_stall": 0.42132430852617475, "cd1sa": 6.07674230016373, "cl1sa": 6.289591930526882, "cd0sa": 0.004828928261987794, "cd1fp": 1.3435054187086193, "cd0fp": 0.04251196517530532, "coeff_drag_shift": 0.44978949627806725, "coeff_lift_shift": 0.6893491487642017, "coef_lift_gain": 0.4586721268620056, "train_score": 0.008602946292757546, "test_score": 0.0063155549724952}