{"Ch": 3.649035539119078e-05, "Cq": 1.4456832950365381e-08, "Ct": -9.931258062510235e-06, "alpha0": [-0.022909131198462843, 0.14207338466679387, 0.0, 0.0, 0.12279204938095206], "alpha_stall": -0.06895187067415863, "cd0fp": 0.008712469685013198, "cd0sa": 0.08068142163530242, "cd1fp": 3.7459100972298245, "cd1sa": -1.6939962739980496, "cl1fp": 3.5397192461802787, "cl1sa": 1.1009793269249812, "coef_lift_gain": 0.4638560675958156, "coeff_drag_shift": 1.2314942184497228, "coeff_lift_shift": 0.3993139519650452, "cp_list": [[0.0, 0.45344413697770036, -0.0], [0.0, 0.040158431171943745, 0.0], [-0.40536866248286835, 0.16417372412271083, 0.0], [-1.2307019076907586, -0.3697897799680406, 0.0], [0.0, 0.0, 0.0]], "inertie": [[0.08180354023821641, 0.0, 0.0], [0.0, 0.15491324137126558, -0.0], [0.0, 0.0, 0.03242870836212755]], "largeur_stall": 0.025614723187619214, "masse": 0.4690695488854088, "train_score": 0, "test_score": 0}