{"Ch": -1.6537604511448566e-05, "Cq": 1.2569256903360687e-08, "Ct": 4.0109910067554924e-05, "alpha0": [0.10152447107912534, 0.025666495636833205, 0.0, -0.0, 0.1212941067892827], "alpha_stall": 0.7966620355318906, "cd0fp": 0.08029981689785322, "cd0sa": 0.002580286320915797, "cd1fp": 2.6261383764890716, "cd1sa": 9.441633596720406, "cl1fp": 0.3477769113851067, "cl1sa": 11.84422995818145, "coef_lift_gain": 0.5205196412552886, "coeff_drag_shift": 0.2071112987976128, "coeff_lift_shift": 0.4445761879071874, "cp_list": [[0.0, 0.25068556001915604, -0.0], [0.0, -0.8663046848234924, 0.0], [-0.40460969032381205, 0.26280373167823995, 0.0], [-0.26459106250365244, -0.31500704005768854, 0.0], [0.0, 0.0, 0.0]], "inertie": [[-0.09073560748423067, -0.0, 0.0], [0.0, 0.15786672414212743, 0.0], [-0.0, -0.0, 0.04593401772565444]], "largeur_stall": 0.2509183169034599, "masse": 3.108810028260347, "train_score": 0, "test_score": 0}