{"alpha_stall": 0.2647430694260549, "largeur_stall": 0.2790568731542139, "cd1sa": 5.011027483929073, "cl1sa": 4.967690278839417, "cd1fp": 2.3817429651429074, "cd0fp": 0.06342323300318595, "coeff_drag_shift": 0.31435744807293264, "coeff_lift_shift": 0.37365812512270513, "coef_lift_gain": 0.47133665304778133, "train_score": 4599374.775531244, "test_score": 475137.56583743467}