{"cd0sa": 0.010004094488666038, "cd1sa": 4.5500102023625715, "cl1sa": 4.9997321182798835, "coeff_drag_shift": 0.5000255102255845, "coeff_lift_gain": 2.48636347626605, "coeff_lift_shift": 0.05277882847336734, "train_score": 6.364093006789112e-09, "test_score": 6.2539678598419105e-09}