{"cd0sa": 0.010003305400481366, "cd1sa": 4.550007821299243, "cl1sa": 4.999784617676351, "coeff_drag_shift": 0.5000205161640315, "coeff_lift_gain": 2.4890433322465686, "coeff_lift_shift": 0.0522327629511533, "train_score": 4.110725303146392e-09, "test_score": 4.039606714085163e-09}