{"cd0sa": 0.010003225373819499, "cd1sa": 4.550007655791564, "cl1sa": 4.999789779084106, "coeff_drag_shift": 0.5000200222642737, "coeff_lift_gain": 2.4893066399524644, "coeff_lift_shift": 0.052179108753865645, "train_score": 3.915727129309787e-09, "test_score": 3.847998508659854e-09}