{"cd0sa": 0.010003147290402605, "cd1sa": 4.550007493182227, "cl1sa": 4.99979481765844, "coeff_drag_shift": 0.5000195402255975, "coeff_lift_gain": 2.4895636460935426, "coeff_lift_shift": 0.05212673848575999, "train_score": 3.7299556375885835e-09, "test_score": 3.665455437571107e-09}