{"cd0sa": 0.010003071102821141, "cd1sa": 4.550007333451576, "cl1sa": 4.999799736282257, "coeff_drag_shift": 0.5000190697645754, "coeff_lift_gain": 2.4898145002420162, "coeff_lift_shift": 0.05207562167848227, "train_score": 3.5529758890899962e-09, "test_score": 3.4915502569544454e-09}