{"cd0sa": 0.010002996764801403, "cd1sa": 4.5500071765789745, "cl1sa": 4.999804537772688, "coeff_drag_shift": 0.5000186106044463, "coeff_lift_gain": 2.490059348478437, "coeff_lift_shift": 0.05202572857462726, "train_score": 3.384373332808992e-09, "test_score": 3.3258757447962096e-09}