{"cd0sa": 0.010002924231202338, "cd1sa": 4.550007022542238, "cl1sa": 4.999809224882519, "coeff_drag_shift": 0.5000181624749931, "coeff_lift_gain": 2.490298333470441, "coeff_lift_shift": 0.05197703011172009, "train_score": 3.2237528579747096e-09, "test_score": 3.1680437704838822e-09}