{"cd0sa": 0.01000285345799362, "cd1sa": 4.550006871317582, "cl1sa": 4.9998138003015695, "coeff_drag_shift": 0.5000177251123987, "coeff_lift_gain": 2.49053159454985, "coeff_lift_shift": 0.05192949790653121, "train_score": 3.070737889908329e-09, "test_score": 3.017684407193628e-09}