{"cd0sa": 0.010002784402229301, "cd1sa": 4.550006722879726, "cl1sa": 4.999818266658055, "coeff_drag_shift": 0.5000172982591008, "coeff_lift_gain": 2.4907592677881496, "coeff_lift_shift": 0.05188310423972076, "train_score": 2.924969527375591e-09, "test_score": 2.8744450850604008e-09}