{"cd0sa": 0.010002717022021018, "cd1sa": 4.550006577202018, "cl1sa": 4.99982262651992, "coeff_drag_shift": 0.5000168816636436, "coeff_lift_gain": 2.490981486070391, "coeff_lift_shift": 0.05183782204080384, "train_score": 2.7861057196070875e-09, "test_score": 2.7379897832146276e-09}