{"cd0sa": 0.01000265127651169, "cd1sa": 4.550006434256546, "cl1sa": 4.999826882396144, "coeff_drag_shift": 0.5000164750805377, "coeff_lift_gain": 2.491198379167517, "coeff_lift_shift": 0.05179362487343389, "train_score": 2.6538204811915474e-09, "test_score": 2.6079982590335447e-09}