{"cd0sa": 0.010004014844046774, "cd1sa": 4.550009442440878, "cl1sa": 4.999738533295118, "coeff_drag_shift": 0.5000249218828124, "coeff_lift_gain": 2.4866908475866123, "coeff_lift_shift": 0.05271212209627347, "train_score": 6.062615159726365e-09, "test_score": 5.957562689901285e-09}