{"cd0sa": 0.010002587125849779, "cd1sa": 4.5500062940142625, "cl1sa": 4.999831036738026, "coeff_drag_shift": 0.500016078270121, "coeff_lift_gain": 2.4914100738071654, "coeff_lift_shift": 0.05175048692099799, "train_score": 2.5278031431206483e-09, "test_score": 2.484165312848541e-09}