{"cd0sa": 0.010002524531163855, "cd1sa": 4.550006156445099, "cl1sa": 4.999835091940441, "coeff_drag_shift": 0.5000156909984231, "coeff_lift_gain": 2.491616693742961, "coeff_lift_shift": 0.051708382972515905, "train_score": 2.4077576383702613e-09, "test_score": 2.366200086514815e-09}