{"cd0sa": 0.010002463454538398, "cd1sa": 4.5500060215180635, "cl1sa": 4.999839050343077, "coeff_drag_shift": 0.5000153130370295, "coeff_lift_gain": 2.4918183598223327, "coeff_lift_shift": 0.05166728840884169, "train_score": 2.2934018204160402e-09, "test_score": 2.2538253943314004e-09}