{"cd0sa": 0.010002403858989834, "cd1sa": 4.550005889201343, "cl1sa": 4.999842914231643, "coeff_drag_shift": 0.5000149441629551, "coeff_lift_gain": 2.492015190052873, "coeff_lift_shift": 0.05162717918915951, "train_score": 2.184466813238051e-09, "test_score": 2.146777084854855e-09}