{"cd0sa": 0.010002345708443125, "cd1sa": 4.550005759462394, "cl1sa": 4.999846685839057, "coeff_drag_shift": 0.5000145841585152, "coeff_lift_gain": 2.492207299667273, "coeff_lift_shift": 0.05158803183776897, "train_score": 2.080696391362233e-09, "test_score": 2.044803432157871e-09}