{"cd0sa": 0.010002288967709484, "cd1sa": 4.550005632268025, "cl1sa": 4.999850367346606, "coeff_drag_shift": 0.5000142328112022, "coeff_lift_gain": 2.492394801186861, "coeff_lift_shift": 0.051549823431155266, "train_score": 1.9818463885414618e-09, "test_score": 1.9476645552442486e-09}