{"cd0sa": 0.010002233602463792, "cd1sa": 4.550005507584496, "cl1sa": 4.999853960885094, "coeff_drag_shift": 0.5000138899135633, "coeff_lift_gain": 2.4925778044837683, "coeff_lift_shift": 0.05151253158533741, "train_score": 1.8876841338279824e-09, "test_score": 1.8551318643099195e-09}