{"cd0sa": 0.010002179579223345, "cd1sa": 4.5500053853775775, "cl1sa": 4.999857468535951, "coeff_drag_shift": 0.5000135552630828, "coeff_lift_gain": 2.4927564168417375, "coeff_lift_shift": 0.051476134443491896, "train_score": 1.7979879137607486e-09, "test_score": 1.7669875326395502e-09}