{"cd0sa": 0.010002126865326956, "cd1sa": 4.550005265612628, "cl1sa": 4.9998608923323316, "coeff_drag_shift": 0.5000132286620661, "coeff_lift_gain": 2.4929307430156262, "coeff_lift_shift": 0.051440610663842944, "train_score": 1.7125464594679657e-09, "test_score": 1.683023992968078e-09}