{"cd0sa": 0.010002075428914334, "cd1sa": 4.550005148254662, "cl1sa": 4.999864234260195, "coeff_drag_shift": 0.5000129099175257, "coeff_lift_gain": 2.4931008852895915, "coeff_lift_shift": 0.051405939407818686, "train_score": 1.6311584575601672e-09, "test_score": 1.6030434571828286e-09}