{"cd0sa": 0.010003922522329038, "cd1sa": 4.550009110279984, "cl1sa": 4.9997447912575685, "coeff_drag_shift": 0.500024328641819, "coeff_lift_gain": 2.487010399107035, "coeff_lift_shift": 0.05264700871443186, "train_score": 5.7753553042429844e-09, "test_score": 5.6752664540375654e-09}