{"cd0sa": 0.01000202523890631, "cd1sa": 4.550005033268417, "cl1sa": 4.999867496259345, "coeff_drag_shift": 0.5000125988410727, "coeff_lift_gain": 2.4932669435340267, "coeff_lift_shift": 0.05137210032846357, "train_score": 1.5536320837261131e-09, "test_score": 1.526857458324103e-09}