{"cd0sa": 0.010001976264985345, "cd1sa": 4.550004920618401, "cl1sa": 4.99987068022447, "coeff_drag_shift": 0.5000122952488061, "coeff_lift_gain": 2.49342901526123, "coeff_lift_shift": 0.05133907355910634, "train_score": 1.4797845579880208e-09, "test_score": 1.454286413812206e-09}