{"cd0sa": 0.01000192847757663, "cd1sa": 4.550004810268964, "cl1sa": 4.999873788006145, "coeff_drag_shift": 0.5000119989612086, "coeff_lift_gain": 2.4935871956798623, "coeff_lift_shift": 0.05130683970227488, "train_score": 1.409441720621493e-09, "test_score": 1.3851592090038194e-09}