{"cd0sa": 0.010001881847829524, "cd1sa": 4.55000470218434, "cl1sa": 4.99987682141183, "coeff_drag_shift": 0.5000117098030425, "coeff_lift_gain": 2.493741577748201, "coeff_lift_shift": 0.05127537981885647, "train_score": 1.3424376277877484e-09, "test_score": 1.3193128000697097e-09}