{"cd0sa": 0.010001836347599942, "cd1sa": 4.550004596328697, "cl1sa": 4.999879782206827, "coeff_drag_shift": 0.5000114276032509, "coeff_lift_gain": 2.493892252226217, "coeff_lift_shift": 0.051244675417496076, "train_score": 1.2786141660045112e-09, "test_score": 1.2565918353670458e-09}