{"cd0sa": 0.010001791949432553, "cd1sa": 4.550004492666176, "cl1sa": 4.999882672115241, "coeff_drag_shift": 0.5000111521948551, "coeff_lift_gain": 2.494039307726504, "coeff_lift_shift": 0.051214708444228894, "train_score": 1.2178206845353566e-09, "test_score": 1.1968482944072014e-09}