{"cd0sa": 0.01000174862654366, "cd1sa": 4.550004391160949, "cl1sa": 4.999885492820894, "coeff_drag_shift": 0.5000108834148647, "coeff_lift_gain": 2.4941828307640765, "coeff_lift_shift": 0.05118546127234323, "train_score": 1.1599136449233646e-09, "test_score": 1.1399411436795374e-09}