{"cd0sa": 0.010001706352804885, "cd1sa": 4.550004291777236, "cl1sa": 4.999888245968247, "coeff_drag_shift": 0.5000106211041765, "coeff_lift_gain": 2.4943229058050553, "coeff_lift_shift": 0.051156916692467753, "train_score": 1.1047562868631653e-09, "test_score": 1.0857360084470675e-09}