{"cd0sa": 0.0100016651027265, "cd1sa": 4.550004194479369, "cl1sa": 4.999890933163286, "coeff_drag_shift": 0.5000103651074874, "coeff_lift_gain": 2.494459615314276, "coeff_lift_shift": 0.05112905790288023, "train_score": 1.0522183096298942e-09, "test_score": 1.0341048599061023e-09}