{"cd0sa": 0.010001624851442018, "cd1sa": 4.550004099231797, "cl1sa": 4.99989355597439, "coeff_drag_shift": 0.5000101152732039, "coeff_lift_gain": 2.4945930398018357, "coeff_lift_shift": 0.051101868500030505, "train_score": 1.0021755684042392e-09, "test_score": 9.849257168914478e-10}