{"cd0sa": 0.010003828748262594, "cd1sa": 4.550008888077462, "cl1sa": 4.999750899487316, "coeff_drag_shift": 0.5000237448466047, "coeff_lift_gain": 2.487322316500991, "coeff_lift_shift": 0.052583450651811095, "train_score": 5.501660135366339e-09, "test_score": 5.406331033861578e-09}