{"cd0sa": 0.010001585574692776, "cd1sa": 4.550004005999131, "cl1sa": 4.999896115933192, "coeff_drag_shift": 0.5000098714533524, "coeff_lift_gain": 2.4947232578685874, "coeff_lift_shift": 0.05107533246927732, "train_score": 9.545097847623897e-10, "test_score": 9.380823615294157e-10}