{"cd0sa": 0.010001547248812545, "cd1sa": 4.550003914746176, "cl1sa": 4.999898614535405, "coeff_drag_shift": 0.5000096335034956, "coeff_lift_gain": 2.4948503462506326, "coeff_lift_shift": 0.05104943417583089, "train_score": 9.091082706693725e-10, "test_score": 8.934640681615448e-10}