{"cd0sa": 0.010001509850713259, "cd1sa": 4.550003825437949, "cl1sa": 4.999901053241648, "coeff_drag_shift": 0.5000094012826484, "coeff_lift_gain": 2.494974379862798, "coeff_lift_shift": 0.05102415835589977, "train_score": 8.658636654119491e-10, "test_score": 8.5096534492493e-10}