{"cd0sa": 0.010001473357870539, "cd1sa": 4.550003738039714, "cl1sa": 4.999903433478241, "coeff_drag_shift": 0.5000091746531957, "coeff_lift_gain": 2.4950954318411456, "coeff_lift_shift": 0.05099949010803545, "train_score": 8.246736847970995e-10, "test_score": 8.104856874246648e-10}