{"cd0sa": 0.010001437748309973, "cd1sa": 4.550003652516992, "cl1sa": 4.999905756637986, "coeff_drag_shift": 0.5000089534808124, "coeff_lift_gain": 2.4952135735845187, "coeff_lift_shift": 0.050975414884673005, "train_score": 7.854408820962128e-10, "test_score": 7.719293439109878e-10}