{"cd0sa": 0.010001403000593396, "cd1sa": 4.550003568835586, "cl1sa": 4.999908024080942, "coeff_drag_shift": 0.5000087376343879, "coeff_lift_gain": 2.4953288747951534, "coeff_lift_shift": 0.050951918483862275, "train_score": 7.480724201786496e-10, "test_score": 7.352050914632895e-10}