{"cd0sa": 0.010001369093805742, "cd1sa": 4.550003486961609, "cl1sa": 4.999910237135164, "coeff_drag_shift": 0.5000085269859448, "coeff_lift_gain": 2.4954414035183703, "coeff_lift_shift": 0.05092898704118472, "train_score": 7.124798543113081e-10, "test_score": 7.002260226230884e-10}