{"cd0sa": 0.010001336007541942, "cd1sa": 4.550003406861493, "cl1sa": 4.999912397097447, "coeff_drag_shift": 0.5000083214105701, "coeff_lift_gain": 2.495551226181371, "coeff_lift_shift": 0.05090660702185402, "train_score": 6.785789251284552e-10, "test_score": 6.669093420384334e-10}