{"cd0sa": 0.010001303721894828, "cd1sa": 4.550003328502, "cl1sa": 4.999914505234029, "coeff_drag_shift": 0.500008120786339, "coeff_lift_gain": 2.495658407631146, "coeff_lift_shift": 0.05088476521299679, "train_score": 6.462893613203852e-10, "test_score": 6.351761726444133e-10}