{"cd0sa": 0.01000127221744245, "cd1sa": 4.550003251850244, "cl1sa": 4.999916562781309, "coeff_drag_shift": 0.5000079249942466, "coeff_lift_gain": 2.4957630111715305, "coeff_lift_shift": 0.050863448716106006, "train_score": 6.155346915488029e-10, "test_score": 6.04951370895467e-10}