{"cd0sa": 0.010003736320963543, "cd1sa": 4.55000869582871, "cl1sa": 4.99975686241258, "coeff_drag_shift": 0.5000231738511383, "coeff_lift_gain": 2.487626780517259, "coeff_lift_shift": 0.05252141112476412, "train_score": 5.2408955114429885e-09, "test_score": 5.150107405548582e-09}