{"cd0sa": 0.010001241475236343, "cd1sa": 4.5500031768737, "cl1sa": 4.999918570946526, "coeff_drag_shift": 0.5000077339181351, "coeff_lift_gain": 2.4958650985994133, "coeff_lift_shift": 0.05084264493966874, "train_score": 5.862420652008707e-10, "test_score": 5.761633506896956e-10}