{"cd0sa": 0.010001211476789706, "cd1sa": 4.5500031035402255, "cl1sa": 4.999920530908428, "coeff_drag_shift": 0.500007547444629, "coeff_lift_gain": 2.495964730240116, "coeff_lift_shift": 0.05082234159195945, "train_score": 5.583420815511678e-10, "test_score": 5.487439155450016e-10}