{"cd0sa": 0.010001182204066296, "cd1sa": 4.550003031818054, "cl1sa": 4.999922443817934, "coeff_drag_shift": 0.5000073654630685, "coeff_lift_gain": 2.4960619649819744, "coeff_lift_shift": 0.05080252667399942, "train_score": 5.317686269387292e-10, "test_score": 5.226280986473659e-10}