{"cd0sa": 0.010001153639469136, "cd1sa": 4.550002961675815, "cl1sa": 4.999924310798775, "coeff_drag_shift": 0.5000071878654443, "coeff_lift_gain": 2.496156860310122, "coeff_lift_shift": 0.050783188472675725, "train_score": 5.064587195900967e-10, "test_score": 4.977540104073865e-10}