{"cd0sa": 0.01000112576582988, "cd1sa": 4.550002893082538, "cl1sa": 4.999926132948123, "coeff_drag_shift": 0.5000070145463343, "coeff_lift_gain": 2.4962494723395032, "coeff_lift_shift": 0.050764315554017975, "train_score": 4.823523617346227e-10, "test_score": 4.74062693185475e-10}