{"cd0sa": 0.010001098566398142, "cd1sa": 4.550002826007665, "cl1sa": 4.999927911337201, "coeff_drag_shift": 0.5000068454028435, "coeff_lift_gain": 2.496339855847126, "coeff_lift_shift": 0.05074589675663006, "train_score": 4.5939239867271255e-10, "test_score": 4.514979828326063e-10}