{"cd0sa": 0.010001072024831421, "cd1sa": 4.550002760421052, "cl1sa": 4.999929647011892, "coeff_drag_shift": 0.5000066803345424, "coeff_lift_gain": 2.496428064303584, "coeff_lift_shift": 0.050727921185270114, "train_score": 4.3752438445731316e-10, "test_score": 4.300063767406964e-10}