{"cd0sa": 0.01000104612518484, "cd1sa": 4.550002696292974, "cl1sa": 4.99993134099332, "coeff_drag_shift": 0.5000065192434098, "coeff_lift_gain": 2.4965141499038457, "coeff_lift_shift": 0.05071037820458046, "train_score": 4.166964539048697e-10, "test_score": 4.0953690810291007e-10}