{"cd0sa": 0.01000102085190165, "cd1sa": 4.550002633594124, "cl1sa": 4.999932994278428, "coeff_drag_shift": 0.500006362033773, "coeff_lift_gain": 2.496598163597332, "coeff_lift_shift": 0.05069325743296019, "train_score": 3.9685920062077896e-10, "test_score": 3.900410260726673e-10}