{"cd0sa": 0.010000996189803697, "cd1sa": 4.550002572295631, "cl1sa": 4.999934607840536, "coeff_drag_shift": 0.5000062086122552, "coeff_lift_gain": 2.4966801551173186, "coeff_lift_shift": 0.050676548736579, "train_score": 3.7796556076473376e-10, "test_score": 3.714724815847932e-10}