{"cd0sa": 0.010003645904780301, "cd1sa": 4.550008513347492, "cl1sa": 4.999762683661793, "coeff_drag_shift": 0.5000226162531032, "coeff_lift_gain": 2.4879239675694538, "coeff_lift_shift": 0.052460854208247136, "train_score": 4.992454113751753e-09, "test_score": 4.905992612078229e-09}