{"cd0sa": 0.010000972124081678, "cd1sa": 4.550002512369061, "cl1sa": 4.999936182629898, "coeff_drag_shift": 0.5000060588877163, "coeff_lift_gain": 2.4967601730096365, "coeff_lift_shift": 0.05066024222352959, "train_score": 3.599707022862004e-10, "test_score": 3.5378721852192937e-10}