{"cd0sa": 0.010000948640286866, "cd1sa": 4.5500024537863935, "cl1sa": 4.999937719574229, "coeff_drag_shift": 0.500005912771206, "coeff_lift_gain": 2.496838264660731, "coeff_lift_shift": 0.050644328238113594, "train_score": 3.428319193831921e-10, "test_score": 3.369432700294733e-10}