{"cd0sa": 0.010000925724321643, "cd1sa": 4.550002396520062, "cl1sa": 4.99993921957924, "coeff_drag_shift": 0.5000057701759046, "coeff_lift_gain": 2.49691447632506, "coeff_lift_shift": 0.050628797355261435, "train_score": 3.265085319198681e-10, "test_score": 3.209006596958848e-10}