{"cd0sa": 0.010000903362431266, "cd1sa": 4.550002340542921, "cl1sa": 4.999940683529138, "coeff_drag_shift": 0.5000056310170778, "coeff_lift_gain": 2.4969888531518625, "coeff_lift_shift": 0.050613640375079545, "train_score": 3.109617895968598e-10, "test_score": 3.056213073984226e-10}