{"cd0sa": 0.010000881541195297, "cd1sa": 4.5500022858282705, "cl1sa": 4.999942112287145, "coeff_drag_shift": 0.5000054952120225, "coeff_lift_gain": 2.497061439211305, "coeff_lift_shift": 0.050598848317524876, "train_score": 2.961547806242872e-10, "test_score": 2.910689395797889e-10}