{"cd0sa": 0.01000086024751946, "cd1sa": 4.550002232349839, "cl1sa": 4.999943506695973, "coeff_drag_shift": 0.5000053626800229, "coeff_lift_gain": 2.497132277520027, "coeff_lift_shift": 0.05058441241720191, "train_score": 2.820523447115068e-10, "test_score": 2.772090037581793e-10}