{"cd0sa": 0.010000839468627655, "cd1sa": 4.5500021800817985, "cl1sa": 4.999944867578313, "coeff_drag_shift": 0.5000052333422976, "coeff_lift_gain": 2.4972014100660838, "coeff_lift_shift": 0.05057032411828063, "train_score": 2.6862099015385675e-10, "test_score": 2.64008587060598e-10}