{"cd0sa": 0.010000819192054292, "cd1sa": 4.550002128998741, "cl1sa": 4.999946195737296, "coeff_drag_shift": 0.5000051071219599, "coeff_lift_gain": 2.4972688778333203, "coeff_lift_shift": 0.05055657506953397, "train_score": 2.558288148339201e-10, "test_score": 2.514363386105091e-10}