{"cd0sa": 0.010000799405636552, "cd1sa": 4.550002079075705, "cl1sa": 4.9999474919569575, "coeff_drag_shift": 0.5000049839439659, "coeff_lift_gain": 2.4973347208251746, "coeff_lift_shift": 0.050543157119487564, "train_score": 2.436454309428198e-10, "test_score": 2.3946239556141657e-10}