{"cd0sa": 0.010000780097506918, "cd1sa": 4.550002030288156, "cl1sa": 4.999948757002683, "coeff_drag_shift": 0.5000048637350755, "coeff_lift_gain": 2.4973989780879213, "coeff_lift_shift": 0.050530062311685206, "train_score": 2.3204189326604267e-10, "test_score": 2.2805831263478938e-10}