{"cd0sa": 0.010003557626457703, "cd1sa": 4.550008335537711, "cl1sa": 4.999768366604911, "coeff_drag_shift": 0.5000220719606269, "coeff_lift_gain": 2.4882140499418526, "coeff_lift_shift": 0.05240174481183651, "train_score": 4.755756310719414e-09, "test_score": 4.673415740716862e-09}