{"cd0sa": 0.010000761256086307, "cd1sa": 4.550001982611979, "cl1sa": 4.999949991621638, "coeff_drag_shift": 0.5000047464238071, "coeff_lift_gain": 2.497461687733387, "coeff_lift_shift": 0.050517282880063054, "train_score": 2.2099063084270766e-10, "test_score": 2.1719699497560498e-10}