{"cd0sa": 0.010000742870076653, "cd1sa": 4.5500019360234925, "cl1sa": 4.999951196543212, "coeff_drag_shift": 0.5000046319403957, "coeff_lift_gain": 2.4975228869611192, "coeff_lift_shift": 0.05050481124443178, "train_score": 2.1046538185861416e-10, "test_score": 2.0685263417469685e-10}