{"cd0sa": 0.010000724928454162, "cd1sa": 4.550001890499442, "cl1sa": 4.999952372479416, "coeff_drag_shift": 0.500004520216753, "coeff_lift_gain": 2.497582612080053, "coeff_lift_shift": 0.05049264000606472, "train_score": 2.0044113161386308e-10, "test_score": 1.970006473282154e-10}