{"cd0sa": 0.0100007074204628, "cd1sa": 4.550001846016977, "cl1sa": 4.999953520125308, "coeff_drag_shift": 0.5000044111864242, "coeff_lift_gain": 2.49764089852966, "coeff_lift_shift": 0.05048076194338816, "train_score": 1.9089405341684054e-10, "test_score": 1.8761761894823154e-10}