{"cd0sa": 0.010000690335607418, "cd1sa": 4.550001802553681, "cl1sa": 4.999954640159377, "coeff_drag_shift": 0.500004304784554, "coeff_lift_gain": 2.497697780900616, "coeff_lift_shift": 0.050469170007772936, "train_score": 1.8180145227671083e-10, "test_score": 1.7868124564922634e-10}