{"cd0sa": 0.010000673663647663, "cd1sa": 4.550001760087538, "cl1sa": 4.999955733243947, "coeff_drag_shift": 0.5000042009478434, "coeff_lift_gain": 2.497753292954967, "coeff_lift_shift": 0.0504578573194244, "train_score": 1.7314171124948946e-10, "test_score": 1.701702834227042e-10}