{"cd0sa": 0.010000657394591671, "cd1sa": 4.5500017185969455, "cl1sa": 4.999956800025545, "coeff_drag_shift": 0.5000040996145155, "coeff_lift_gain": 2.4978074676458433, "coeff_lift_shift": 0.05044681716336788, "train_score": 1.6489424032929218e-10, "test_score": 1.6206449741850897e-10}