{"cd0sa": 0.010000641518689997, "cd1sa": 4.550001678060701, "cl1sa": 4.999957841135282, "coeff_drag_shift": 0.5000040007242783, "coeff_lift_gain": 2.4978603371366983, "coeff_lift_shift": 0.05043604298552935, "train_score": 1.570394277481706e-10, "test_score": 1.5434461409300922e-10}