{"cd0sa": 0.010000626026429742, "cd1sa": 4.550001638458009, "cl1sa": 4.9999588571892115, "coeff_drag_shift": 0.5000039042182873, "coeff_lift_gain": 2.4979119328200987, "coeff_lift_shift": 0.050425528388906606, "train_score": 1.4955859358347938e-10, "test_score": 1.4699227562252023e-10}