{"cd0sa": 0.010000610908528607, "cd1sa": 4.550001599768465, "cl1sa": 4.999959848788684, "coeff_drag_shift": 0.5000038100391151, "coeff_lift_gain": 2.4979622853360772, "coeff_lift_shift": 0.050415267129831326, "train_score": 1.4243394555967587e-10, "test_score": 1.3998999647539235e-10}