{"cd0sa": 0.010003471478107987, "cd1sa": 4.550008161108431, "cl1sa": 4.999773914491176, "coeff_drag_shift": 0.500021540713582, "coeff_lift_gain": 2.4884971959088915, "coeff_lift_shift": 0.05234404865993061, "train_score": 4.530249397725034e-09, "test_score": 4.4518335149221346e-09}