{"cd0sa": 0.010000596155929607, "cd1sa": 4.55000156197206, "cl1sa": 4.9999608165207, "coeff_drag_shift": 0.500003718130713, "coeff_lift_gain": 2.49801142459005, "coeff_lift_shift": 0.050405253114318656, "train_score": 1.356485369382856e-10, "test_score": 1.3332112203224402e-10}