{"cd0sa": 0.010000581759795256, "cd1sa": 4.5500015250491685, "cl1sa": 4.99996176095824, "coeff_drag_shift": 0.5000036284383808, "coeff_lift_gain": 2.4980593797703183, "coeff_lift_shift": 0.05039548039450147, "train_score": 1.291862264037795e-10, "test_score": 1.2696978917075634e-10}