{"cd0sa": 0.010000567711502466, "cd1sa": 4.550001488980546, "cl1sa": 4.999962682660605, "coeff_drag_shift": 0.5000035409087328, "coeff_lift_gain": 2.4981061793651547, "coeff_lift_shift": 0.05038594316515001, "train_score": 1.2303163984332186e-10, "test_score": 1.2092088870678724e-10}