{"cd0sa": 0.010000554002637165, "cd1sa": 4.550001453747326, "cl1sa": 4.999963582173732, "coeff_drag_shift": 0.5000034554896676, "coeff_lift_gain": 2.4981518511794882, "coeff_lift_shift": 0.0503766357602727, "train_score": 1.1717013394117707e-10, "test_score": 1.1516002962451577e-10}