{"cd0sa": 0.010000540624989228, "cd1sa": 4.5500014193310205, "cl1sa": 4.999964460030514, "coeff_drag_shift": 0.5000033721303371, "coeff_lift_gain": 2.4981964223511963, "coeff_lift_shift": 0.050367552649796254, "train_score": 1.1158776149353457e-10, "test_score": 1.0967350498974404e-10}