{"cd0sa": 0.01000052757054759, "cd1sa": 4.5500013857134975, "cl1sa": 4.999965316751108, "coeff_drag_shift": 0.5000032907811156, "coeff_lift_gain": 2.498239919367015, "coeff_lift_shift": 0.05035868843632533, "train_score": 1.0627123836797012e-10, "test_score": 1.044482594854312e-10}