{"cd0sa": 0.010000514831495378, "cd1sa": 4.550001352876994, "cl1sa": 4.999966152843236, "coeff_drag_shift": 0.500003211393571, "coeff_lift_gain": 2.498282368078071, "coeff_lift_shift": 0.050350037851977114, "train_score": 1.0120791202232522e-10, "test_score": 9.947185847470729e-11}