{"cd0sa": 0.010000502400205025, "cd1sa": 4.550001320804105, "cl1sa": 4.99996696880248, "coeff_drag_shift": 0.5000031339204375, "coeff_lift_gain": 2.4983237937150538, "coeff_lift_shift": 0.050341595755291534, "train_score": 9.638573152252868e-11, "test_score": 9.473245854237261e-11}