{"cd0sa": 0.010000490269234, "cd1sa": 4.550001289477772, "cl1sa": 4.99996776511257, "coeff_drag_shift": 0.5000030583155837, "coeff_lift_gain": 2.49836422090302, "coeff_lift_shift": 0.05033335712821408, "train_score": 9.179321897445832e-11, "test_score": 9.021877941532508e-11}