{"cd0sa": 0.01000047843131999, "cd1sa": 4.550001258881284, "cl1sa": 4.999968542245659, "coeff_drag_shift": 0.5000029845339913, "coeff_lift_gain": 2.4984036736758544, "coeff_lift_shift": 0.050325317073149765, "train_score": 8.741944231501693e-11, "test_score": 8.592007723199671e-11}