{"cd0sa": 0.010003387418859956, "cd1sa": 4.550007989726684, "cl1sa": 4.999779330485036, "coeff_drag_shift": 0.5000210222149878, "coeff_lift_gain": 2.488773569831555, "coeff_lift_shift": 0.05228773227328401, "train_score": 4.315406478911138e-09, "test_score": 4.24072829510763e-09}