{"cd0sa": 0.01000046687937666, "cd1sa": 4.550001228998274, "cl1sa": 4.999969300662612, "coeff_drag_shift": 0.5000029125317232, "coeff_lift_gain": 2.498442175490392, "coeff_lift_shift": 0.05031747081008648, "train_score": 8.325398938526302e-11, "test_score": 8.182611906124105e-11}