{"cd0sa": 0.010000455606489222, "cd1sa": 4.550001199812714, "cl1sa": 4.99997004081326, "coeff_drag_shift": 0.5000028422658992, "coeff_lift_gain": 2.4984797492401998, "coeff_lift_shift": 0.050309813673786764, "train_score": 7.928694323999e-11, "test_score": 7.792715864131261e-11}