{"cd0sa": 0.010000444605910664, "cd1sa": 4.550001171308894, "cl1sa": 4.999970763136662, "coeff_drag_shift": 0.500002773694673, "coeff_lift_gain": 2.498516417269038, "coeff_lift_shift": 0.05030234111104523, "train_score": 7.55088586251984e-11, "test_score": 7.421391326290191e-11}