{"cd0sa": 0.010000433871057098, "cd1sa": 4.550001143471443, "cl1sa": 4.999971468061371, "coeff_drag_shift": 0.5000027067772036, "coeff_lift_gain": 2.4985522013839967, "coeff_lift_shift": 0.05029504867801183, "train_score": 7.191073956734528e-11, "test_score": 7.067754174696952e-11}