{"cd0sa": 0.01000042339550436, "cd1sa": 4.550001116285301, "cl1sa": 4.999972156005677, "coeff_drag_shift": 0.5000026414736334, "coeff_lift_gain": 2.498587122868329, "coeff_lift_shift": 0.050287932037578, "train_score": 6.848401803021538e-11, "test_score": 6.730962347306525e-11}