{"cd0sa": 0.010000413172983664, "cd1sa": 4.5500010897357255, "cl1sa": 4.999972827377849, "coeff_drag_shift": 0.5000025777450646, "coeff_lift_gain": 2.498621202493974, "coeff_lift_shift": 0.0502809869568243, "train_score": 6.522053358150474e-11, "test_score": 6.410213839508947e-11}