{"cd0sa": 0.010000403197378126, "cd1sa": 4.550001063808287, "cl1sa": 4.99997348257638, "coeff_drag_shift": 0.5000025155535348, "coeff_lift_gain": 2.4986544605337886, "coeff_lift_shift": 0.05027420930452879, "train_score": 6.211251402337439e-11, "test_score": 6.104744800747337e-11}