{"cd0sa": 0.01000039346271892, "cd1sa": 4.55000103848885, "cl1sa": 4.99997412199021, "coeff_drag_shift": 0.5000024548619966, "coeff_lift_gain": 2.4986869167734835, "coeff_lift_shift": 0.05026759504873506, "train_score": 5.915255694489855e-11, "test_score": 5.813827721765371e-11}