{"cd0sa": 0.010000383963181744, "cd1sa": 4.550001013763594, "cl1sa": 4.999974745998961, "coeff_drag_shift": 0.5000023956342938, "coeff_lift_gain": 2.4987185905232807, "coeff_lift_shift": 0.050261140254376904, "train_score": 5.633361214447811e-11, "test_score": 5.536769707321377e-11}