{"cd0sa": 0.010000374693083368, "cd1sa": 4.550000989618975, "cl1sa": 4.999975354973159, "coeff_drag_shift": 0.5000023378351399, "coeff_lift_gain": 2.4987495006292937, "coeff_lift_shift": 0.050254841080959636, "train_score": 5.364896489153745e-11, "test_score": 5.272910830900855e-11}