{"Ch": 0.000102184497167333, "Cq": 2.296085743855104e-08, "Ct": 5.4920664395984534e-05, "alpha0": [-0.022773815300953473, 0.0016480377527838973, 0.0, 0.0, 0.05172029867494141], "alpha_stall": 0.30776372825772125, "cd0fp": 0.08295956478653835, "cd0sa": 0.028846536089694282, "cd1fp": -0.772786253867147, "cd1sa": 8.550483630409985, "cl1fp": -0.1450066530639691, "cl1sa": 8.910579836638492, "coef_lift_gain": 0.8877152643619282, "coeff_drag_shift": 0.7750066849434847, "coeff_lift_shift": 0.8966958408656402, "cp_list": [[0.0, 0.8581614228523459, -0.0], [0.0, 0.043602501362282664, -0.0], [0.21309362414935018, 0.0121624593290118, -0.0], [-0.6276992352961833, 0.01765087624947057, -0.0], [0.0, 0.0, 0.0]], "inertie": [[0.26358276149224535, 0.0, 0.0], [0.0, 0.29287399083790044, 0.0], [0.0, 0.0, 0.14090442181795068]], "largeur_stall": 0.24729964916594405, "masse": 3.1408257085102367, "train_score": 0, "test_score": 0}