{"Ch": 0.00023532746298179235, "Cq": 1.4174645333009166e-08, "Ct": -1.6469854288174157e-07, "alpha0": [0.06472857355154113, 0.03309775800462016, 0.0, 0.0, -0.02386049801043301], "alpha_stall": 0.041930446745727344, "cd0fp": 0.03795471140742844, "cd0sa": 0.02606609812197039, "cd1fp": 2.79524108687198, "cd1sa": 9.414710398553144, "cl1fp": 0.7711173610813086, "cl1sa": 12.413000629584603, "coef_lift_gain": 0.47073599670027977, "coeff_drag_shift": 0.831900605215663, "coeff_lift_shift": 0.027768880255231443, "cp_list": [[-0.0, -0.19363621747187848, 0.0], [0.0, -0.5298864638560501, 0.0], [-1.1251908357693976, 0.010933550729113378, 0.0], [-1.2259002862531132, -0.30400440932695755, 0.0], [0.0, -0.0, 0.0]], "inertie": [[0.07766091503204109, 0.0, 0.0], [-0.0, 0.052408599292822856, 0.0], [0.0, 0.0, 0.21845392167573788]], "largeur_stall": 0.577655826195659, "masse": 4.6919222825804905, "train_score": 0, "test_score": 0}