{"Ch": 0.00018638022527276565, "Cq": 7.194968311686879e-09, "Ct": -3.1244081220261125e-06, "alpha0": [0.14995240801586124, 0.014174652266867522, 0.0, 0.0, 0.14474370358243072], "alpha_stall": 0.5592936433008798, "cd0fp": 0.03003444308880927, "cd0sa": -0.0009773816916032595, "cd1fp": -0.5270311073899814, "cd1sa": 8.070235591678868, "cl1fp": 2.087249329815737, "cl1sa": 1.3115377254109668, "coef_lift_gain": 0.3162988063387854, "coeff_drag_shift": -0.15269198681441332, "coeff_lift_shift": -0.15092155405874852, "cp_list": [[0.0, 0.21025552518010562, -0.0], [0.0, 0.01820903338626644, 0.0], [-0.6683488727364952, 0.2770028653139094, 0.0], [0.042905122909788984, -0.36552672589040924, 0.0], [0.0, 0.0, 0.0]], "inertie": [[0.38888338728372296, 0.0, 0.0], [0.0, 0.23040968814067903, 0.0], [0.0, 0.0, -0.01224424939364228]], "largeur_stall": 0.7672569890797901, "masse": 4.999285571597007, "train_score": 0, "test_score": 0}