{"Ch": 0.00015884678452167262, "Cq": 8.656979341088267e-09, "Ct": -1.6258105499286082e-07, "alpha0": [-0.016725146130987353, 0.081080941007396, -0.0, 0.0, 0.004449496296064808], "alpha_stall": 0.005620244857526606, "cd0fp": 0.04436246479207179, "cd0sa": -0.018998491197936885, "cd1fp": 4.053048352507914, "cd1sa": 3.1532543054561257, "cl1fp": 2.840948100684498, "cl1sa": 12.46233917999658, "coef_lift_gain": 0.5012239409743726, "coeff_drag_shift": -0.07263602969789695, "coeff_lift_shift": 1.028810176085975, "cp_list": [[0.0, 0.49570706729967523, 0.0], [-0.0, -0.9176417941424517, 0.0], [-0.570895699904596, 0.07687088867995649, 0.0], [-0.6132931332937304, -0.36731236598271766, 0.0], [0.0, 0.0, 0.0]], "inertie": [[0.008365362653356833, 0.0, 0.0], [0.0, 0.08391069210056934, 0.0], [0.0, -0.0, -0.07277019819502267]], "largeur_stall": -0.11519797018187937, "masse": 5.880823403519053, "train_score": 0, "test_score": 0}