{"Ch": 0.00011025965349084523, "Cq": 2.1504100923348605e-08, "Ct": 2.43458421059835e-05, "alpha0": [0.10559132777203163, 0.09930888137806758, 0.0, 0.0, 0.0671683862527447], "alpha_stall": 0.4048221969772402, "cd0fp": 0.09952271516307712, "cd0sa": 0.03208012186941105, "cd1fp": 0.68389325641385, "cd1sa": 10.943738812444098, "cl1fp": 0.3962486651427031, "cl1sa": -0.4581446766168251, "coef_lift_gain": 1.2394093547823215, "coeff_drag_shift": 0.9427194592881014, "coeff_lift_shift": -0.006794749382762255, "cp_list": [[-0.0, 0.89991775097445, 0.0], [0.0, -0.9835440931625251, 0.0], [-1.0124889086170383, 0.1976703875585132, 0.0], [-0.4440911881818242, -0.029395804463737733, 0.0], [0.0, -0.0, 0.0]], "inertie": [[0.005553536178075325, 0.0, 0.0], [0.0, 0.12152013481700433, 0.0], [0.0, 0.0, 0.19244889237805815]], "largeur_stall": 0.06248959923540767, "masse": 1.5768299425631875, "train_score": 8.217301412738005e-31, "test_score": 0.0026275741431174946}