{"cd0sa": 0.009999918483588681, "cd1sa": 4.550001970353931, "cl1sa": 4.999999746447585, "coeff_drag_shift": 0.49999993210828875, "coeff_lift_gain": 2.499988966444617, "coeff_lift_shift": 0.05000225115638797, "train_score": 6.848651175597154e-15, "test_score": 7.499997054735486e-15}