{"cd0sa": 0.00999998408590966, "cd1sa": 4.5500005438293005, "cl1sa": 4.99999978194297, "coeff_drag_shift": 0.49999999535989953, "coeff_lift_gain": 2.499989217567315, "coeff_lift_shift": 0.050002197189565445, "train_score": 4.137077302237868e-15, "test_score": 4.212711158213393e-15}