{"Ch": 3.993444451651851e-05, "Cq": 9.842872651747642e-09, "Ct": -9.682079359400497e-06, "alpha0": [0.08363399216727589, 0.13111714206384628, 0.0, 0.0, 0.06102432660002369], "alpha_stall": 0.7950517929445399, "cd0fp": 0.03004724856958629, "cd0sa": 0.013294472259849437, "cd1fp": 3.653792031196128, "cd1sa": 11.145874100194312, "cl1fp": -0.6491864184482229, "cl1sa": 10.147028014632959, "coef_lift_gain": -0.16829445661612907, "coeff_drag_shift": -0.21677659345762912, "coeff_lift_shift": 0.8605524403388579, "cp_list": [[0.0, 0.9532436167577921, 0.0], [-0.0, -0.14872420159148256, 0.0], [-0.48601925499192894, 0.26514058888447456, -0.0], [0.03264447807684523, -0.004467562429782618, 0.0], [-0.0, -0.0, 0.0]], "inertie": [[0.013575202108998652, 0.0, 0.0], [0.0, -0.053636970181842325, 0.0], [0.0, 0.0, 0.214687243688615]], "largeur_stall": 0.05644762050977027, "masse": 5.643809553756594, "train_score": 0, "test_score": 0}