{"Ch": 2.9193629536160096e-05, "Cq": 2.153834169244971e-08, "Ct": 4.176451089049491e-05, "alpha0": [-0.006488387885997966, 0.029845685015136264, 0.0, 0.0, -0.02798824885678163], "alpha_stall": 0.196205410674632, "cd0fp": -0.01042570845845664, "cd0sa": 0.07377141642767764, "cd1fp": 2.5897520516424426, "cd1sa": 11.042021327377864, "cl1fp": 0.32922059737245285, "cl1sa": 12.434233729339272, "coef_lift_gain": 0.6752191895286372, "coeff_drag_shift": -0.029826263022503352, "coeff_lift_shift": 0.8667738560457201, "cp_list": [[0.0, 0.6038375160979669, 0.0], [0.0, 0.11335192411480026, 0.0], [-0.07571309316441943, -0.07131564814442327, 0.0], [-0.667837927482811, -0.32507948475255893, 0.0], [0.0, -0.0, 0.0]], "inertie": [[0.41433686583445273, 0.0, 0.0], [0.0, 0.19503523546342913, 0.0], [0.0, 0.0, 0.04019863529389388]], "largeur_stall": 1.3084202366939715, "masse": 3.9281987144113395, "train_score": 0, "test_score": 0}