{"Ch": -3.447004327028014e-05, "Cq": 1.5218880585403353e-08, "Ct": 6.140867028509753e-05, "alpha0": [0.04246529347268543, 0.10591867579378492, 0.0, 0.0, 0.028403744602181587], "alpha_stall": 0.1457056929417448, "cd0fp": 0.08760926591303661, "cd0sa": 0.08655951085710294, "cd1fp": 3.333729647285831, "cd1sa": 4.934592838479072, "cl1fp": 2.403412897807015, "cl1sa": 0.5802979497868899, "coef_lift_gain": 0.2297736274692166, "coeff_drag_shift": 0.418467165037561, "coeff_lift_shift": 0.384376840841707, "cp_list": [[0.0, 0.30827212050711283, 0.0], [0.0, 0.18060113720427065, 0.0], [-0.33167397453172726, 0.16087175996959902, 0.0], [-1.0402435037950197, -0.30085658212454425, 0.0], [0.0, 0.0, -0.0]], "inertie": [[0.16566182947570313, 0.0, 0.0], [-0.0, 0.11466441095420284, 0.0], [0.0, 0.0, 0.14907527042447188]], "largeur_stall": -0.19781921625825225, "masse": 5.708301302439227, "train_score": 0, "test_score": 0}