{"Ch": 0.00013446161157117413, "Cq": 4.802911385813371e-09, "Ct": 2.4661876360201577e-05, "alpha0": [0.054660616850693435, 0.0835291706752976, -0.0, 0.0, 0.018638789958573387], "alpha_stall": 0.16569184120976788, "cd0fp": 0.06275345779423872, "cd0sa": -0.003818217602152429, "cd1fp": -0.9644193353352454, "cd1sa": 10.119640664347262, "cl1fp": -0.5533258606498559, "cl1sa": 7.2833062324158675, "coef_lift_gain": 1.0432797352984136, "coeff_drag_shift": 1.1013926029911187, "coeff_lift_shift": 0.8879733160833034, "cp_list": [[0.0, 0.8805428944752851, 0.0], [0.0, -0.6382947131292003, 0.0], [-1.1018134227471266, -0.005147307370043297, 0.0], [0.015238262628417876, 0.02960299947144642, -0.0], [0.0, -0.0, -0.0]], "inertie": [[0.37756818254906427, 0.0, 0.0], [0.0, -0.01745973192549405, 0.0], [0.0, 0.0, 0.0030629032306552285]], "largeur_stall": -0.017545512977001115, "masse": 4.133868927577665, "train_score": 8.217301412738005e-31, "test_score": 0.0026275741431174946}