{"Ch": -1.2950468965611229e-05, "Cq": -2.4443977056381706e-09, "Ct": 2.960687981408384e-05, "alpha0": [0.030415827407540688, 0.11788234031025643, 0.0, -0.0, 0.09496925779448519], "alpha_stall": 0.8410357230658597, "cd0fp": 0.030499740139698868, "cd0sa": 0.08546664570663678, "cd1fp": -0.5207476035157832, "cd1sa": -1.9159432564672858, "cl1fp": 0.8001777927163038, "cl1sa": 4.6403734576397895, "coef_lift_gain": 0.9465537508453611, "coeff_drag_shift": 0.7163065281816712, "coeff_lift_shift": 0.7733625091765748, "cp_list": [[0.0, -0.07885183048590683, 0.0], [0.0, -0.14610690915196026, 0.0], [-0.86978282191044, 0.13779043555365927, 0.0], [-0.05327554140564639, 0.039111095243189294, 0.0], [0.0, 0.0, 0.0]], "inertie": [[0.2818537001336953, 0.0, 0.0], [0.0, 0.013724919369300153, 0.0], [0.0, 0.0, 0.36635146732908236]], "largeur_stall": 0.4339188043586034, "masse": 4.169557694054898, "train_score": 0, "test_score": 0}